MaxMakespan,MinMakespan,MinWorkload,MaxWorkload,MaxWCET,MinWCET,MedianWCET,NumNodes,MaxParallel,CriticalPath,AvgInDegree,AvgOutDegree,CoreNum,IsAnomaly,Par,Cri,WCRT,Advantage
246800,123399,218197,436400,199057,6818,6818.000000,32,7,7,2,2,4,999,6,7,287385,16.450000
229286,114642,218197,436400,109455,12122,12282.000000,18,8,4,2,2,3,999,8,4,265765,15.910000
259716,129858,218198,436400,177716,12122,12122.500000,18,8,4,2,2,4,999,8,4,291566,12.270000
208272,104134,218194,436400,136737,12835,13369.000000,17,5,5,1,1,4,999,5,5,255031,22.460000
260708,130354,218198,436400,206006,18184,18208.000000,12,6,4,1,1,4,999,5,4,304625,16.850000
225248,112622,218196,436400,86849,15628,20256.500000,14,7,4,1,1,4,999,6,4,257212,14.200000
225023,112510,218195,436400,110216,15585,15737.500000,14,5,5,1,1,3,999,4,5,295482,31.320000
201667,100832,218188,436400,102558,7273,7273.000000,30,8,6,2,2,8,0,7,6,201667,0.000000
265137,132568,218199,436400,142244,22770,29112.000000,10,5,4,1,1,4,999,4,4,265137,0.000000
208938,104468,218194,436400,146008,13637,13641.000000,16,8,4,1,1,6,0,7,4,244576,17.060000
200872,100435,218197,436400,127283,9918,9922.000000,22,6,7,2,2,3,999,4,7,274884,36.850000
270910,135453,218196,436400,195859,13637,13733.500000,16,7,4,2,2,3,1,7,4,303321,11.970000
239421,119710,218199,436400,160719,9486,9486.000000,23,7,5,2,2,4,999,7,5,272240,13.710000
282823,141410,218196,436400,181770,10910,10912.000000,20,9,4,2,2,3,999,9,4,297573,5.220000
199929,99963,218196,436400,91279,8392,8394.500000,26,5,8,2,2,3,999,4,8,284353,42.230000
299198,149599,218199,436400,205152,22060,23333.500000,10,5,4,1,1,3,999,4,4,336715,12.540000
228701,114350,218197,436400,133482,3896,3896.000000,56,9,8,4,4,9,0,9,8,239362,4.670000
175730,87864,218196,436400,136105,3356,3356.000000,65,9,9,3,3,9,0,9,9,197567,12.430000
281698,140845,218188,436400,127697,7273,7273.000000,30,8,5,2,2,3,999,7,6,308979,9.690000
151100,75549,218197,436400,87931,9918,9935.500000,22,5,6,2,2,8,0,4,7,151100,0.000000
244262,122129,218185,436400,128822,6417,6417.000000,34,9,6,3,3,6,999,8,6,277265,13.520000
243169,121581,218188,436400,127585,6417,6418.000000,34,6,10,2,2,6,0,4,10,243169,0.000000
234570,117284,218198,436400,163163,6818,6818.000000,32,6,7,2,2,8,0,6,7,234570,0.000000
157278,78638,218196,436400,71246,10910,11093.000000,20,7,5,2,2,8,0,6,5,157278,0.000000
267478,133738,218196,436400,222841,8392,8392.000000,26,6,6,2,2,7,999,6,6,279752,4.590000
219347,109672,218197,436400,178961,12122,12150.000000,18,8,4,2,2,8,0,8,4,244339,11.400000
276138,138068,218197,436400,219565,8392,8395.000000,26,6,7,2,2,8,0,4,8,276138,0.000000
264145,132071,218196,436400,164993,6818,6818.000000,32,6,7,2,2,7,0,6,7,278128,5.300000
225492,112745,218199,436400,148629,21828,27821.500000,10,4,4,1,1,6,0,4,4,225492,0.000000
272963,136478,218189,436400,220725,8081,8081.000000,27,6,7,2,2,6,0,5,7,294094,7.750000
281303,140647,218188,436400,212293,7273,7273.000000,30,6,9,2,2,6,0,4,9,281303,0.000000
243804,121898,218189,436400,133605,7273,7274.000000,30,6,9,2,2,8,0,4,9,243804,0.000000
276501,138250,218198,436400,197805,8392,8392.000000,26,6,8,2,2,6,0,4,8,296097,7.090000
258548,129271,218188,436400,120960,6417,6417.000000,34,6,10,2,2,7,0,4,10,258548,0.000000
256937,128466,218190,436400,149576,8081,8081.000000,27,6,7,2,2,7,0,5,7,256937,0.000000
218091,109042,218188,436400,133303,7273,7273.000000,30,6,9,2,2,7,0,4,9,218091,0.000000
219695,109846,218195,436400,73553,8392,8410.000000,26,6,8,2,2,7,0,4,8,219695,0.000000
194270,97133,218196,436400,108350,4364,4364.000000,50,8,10,3,3,7,0,6,10,216342,11.370000
287925,143962,218198,436400,155954,21836,26059.000000,10,5,4,1,1,9,0,4,4,287925,0.000000
164555,82277,218196,436400,85718,10910,10942.000000,20,7,5,2,2,7,0,6,5,165488,0.570000
172526,86262,218198,436400,125355,15585,15974.000000,14,6,4,1,1,7,0,6,4,172526,0.000000
262020,131006,218184,436400,184961,5897,5897.000000,37,6,9,2,2,8,0,5,9,262020,0.000000
247147,123573,218197,436400,184482,12122,12274.500000,18,6,6,2,2,8,0,4,6,247147,0.000000
243376,121684,218180,436400,100739,4959,4959.000000,44,6,9,2,2,8,0,6,9,243376,0.000000
245900,122949,218197,436400,173846,4364,4364.000000,50,7,9,2,2,8,0,6,10,257558,4.750000
283369,141684,218198,436400,129241,12122,12123.500000,18,5,6,2,2,4,0,4,6,312535,10.300000
295303,147650,218196,436400,232217,15585,15586.500000,14,4,5,1,1,7,0,4,5,295303,0.000000
206420,103208,218194,436400,154873,13637,13736.500000,16,7,4,2,2,7,0,7,4,206420,0.000000
206896,103447,218198,436400,146606,18183,19077.000000,12,6,4,1,1,6,0,5,4,206896,0.000000
159807,79903,218196,436400,83182,12835,13321.000000,17,6,5,2,2,8,0,5,5,159807,0.000000
232776,116386,218196,436400,91534,12122,12128.000000,18,6,6,2,2,7,0,4,6,232776,0.000000
211695,105847,218198,436400,156204,18186,18855.000000,12,6,4,1,1,8,0,5,4,211695,0.000000
183579,91788,218197,436400,77497,15587,19110.500000,14,6,5,1,1,8,0,4,5,183579,0.000000
153542,76770,218195,436400,115036,12835,12837.000000,17,6,4,1,1,7,0,5,5,153542,0.000000
258669,129334,218198,436400,208508,9918,9919.000000,22,7,6,2,2,7,0,4,7,258669,0.000000
218871,109432,218181,436400,121298,5195,5195.000000,42,6,9,2,2,8,0,5,10,218871,0.000000
189490,94744,218196,436400,84559,3762,3762.000000,58,7,9,2,2,8,0,7,10,197536,4.250000
270735,135366,218197,436400,212602,9918,9918.000000,22,6,6,2,2,7,0,5,6,284023,4.910000
285119,142558,218197,436400,194871,22168,26326.000000,10,4,4,1,1,7,0,4,4,285119,0.000000
200309,100151,218184,436400,91796,5897,5897.000000,37,6,9,2,2,7,0,5,9,200309,0.000000
220372,110185,218196,436400,108124,8392,8395.500000,26,7,4,2,2,8,0,6,6,220372,0.000000
250962,125479,218185,436400,139131,6417,6417.000000,34,8,6,3,3,8,0,8,6,262197,4.480000
269350,134671,218187,436400,172484,6417,6417.000000,34,5,10,2,2,8,0,4,10,269350,0.000000
171776,85885,218181,436400,116893,5195,5195.000000,42,9,7,3,3,8,0,8,7,199634,16.220000
208412,104205,218197,436400,179076,5742,5742.000000,38,7,6,2,2,8,0,6,8,208412,0.000000
199789,99891,218182,436400,73697,5195,5195.000000,42,6,10,2,2,7,0,5,10,199789,0.000000
205565,102779,218183,436400,84815,5195,5195.000000,42,6,10,2,2,6,0,5,10,213111,3.680000
222986,111492,218199,436400,149847,12122,12151.500000,18,5,6,1,1,6,0,4,6,222986,0.000000
253506,126752,218196,436400,186004,15585,15907.500000,14,6,4,1,1,6,0,6,4,278790,9.980000
241188,120593,218197,436400,173554,21829,22678.000000,10,5,4,1,1,8,0,4,4,241188,0.000000
277389,138693,218197,436400,166865,9918,9918.000000,22,6,6,2,2,6,0,5,6,277389,0.000000
213108,106553,218197,436400,85241,15595,21159.500000,14,5,5,1,1,6,0,4,5,213108,0.000000
282673,141336,218199,436400,210801,9918,9919.000000,22,5,7,2,2,6,0,4,7,282673,0.000000
217206,108601,218193,436400,170723,13637,13677.500000,16,7,4,1,1,8,0,7,4,217206,0.000000
255463,127728,218183,436400,212027,5897,5897.000000,37,7,7,2,2,7,0,7,7,276258,8.150000
244880,122438,218181,436400,138780,4959,4959.000000,44,7,8,3,3,8,0,7,8,244880,0.000000
211627,105812,218196,436400,112899,4278,4278.000000,51,7,8,3,3,8,0,7,9,224938,6.290000
255104,127552,218199,436400,177698,9486,9486.000000,23,7,5,2,2,8,0,7,5,255104,0.000000
270995,135496,218195,436400,123011,15585,15586.500000,14,6,4,1,1,8,0,6,4,270995,0.000000
257136,128565,218188,436400,172290,8081,8081.000000,27,7,7,2,2,4,999,5,7,293870,14.290000
264673,132336,218196,436400,211211,9486,9487.000000,23,7,5,2,2,3,999,7,5,315592,19.240000
218844,109421,218196,436400,156244,3762,3762.000000,58,8,8,3,3,9,0,8,9,233840,6.860000
222526,111262,218196,436400,136525,4364,4364.000000,50,9,8,3,3,9,0,8,8,222526,0.000000
170697,85348,218197,436400,127544,12122,12255.500000,18,9,4,2,2,9,0,8,4,170697,0.000000
155262,77631,187998,376000,108306,10444,10517.500000,18,9,4,2,2,9,0,8,4,155262,0.000000
311011,155504,282896,565800,224832,15716,15735.500000,18,8,4,2,2,9,0,8,4,311011,0.000000
237346,118672,218195,436400,106718,3762,3762.000000,58,7,9,3,3,9,0,7,10,243404,2.560000
184546,92273,218197,436400,89350,8392,8392.500000,26,8,5,2,2,3,1,8,5,245782,33.190000
204599,102299,218198,436400,166149,9486,9486.000000,23,7,5,2,2,9,0,7,5,204599,0.000000
109432,54715,187992,376000,76658,8173,8174.000000,23,7,5,2,2,9,0,7,5,109432,0.000000
318937,159467,282896,565800,145790,12300,12320.000000,23,8,5,2,2,9,0,7,5,318937,0.000000
89384,44690,104392,208800,63677,4539,4547.000000,23,8,5,2,2,9,0,7,5,89384,0.000000
195965,97981,170592,341200,124121,7417,7418.000000,23,7,5,2,2,9,0,7,5,195965,0.000000
182523,91260,163192,326400,125874,7095,7095.000000,23,8,5,2,2,9,0,7,5,182523,0.000000
231908,115953,193492,387000,179464,8413,8413.000000,23,7,5,2,2,9,0,7,5,231908,0.000000
159557,79778,182997,366000,127002,7956,7957.000000,23,8,5,2,2,9,0,7,5,159557,0.000000
152655,76326,205997,412000,71263,8956,8957.000000,23,7,5,2,2,9,0,7,5,152655,0.000000
286754,143375,291796,583600,233549,12686,12691.000000,23,8,5,2,2,9,0,7,5,286754,0.000000
205992,102994,199797,399600,170911,8686,8692.000000,23,8,5,2,2,9,0,7,5,236191,14.670000
186609,93303,254092,508200,139259,11047,11048.000000,23,7,5,2,2,9,0,7,5,186609,0.000000
211033,105513,187972,376000,157332,3241,3241.000000,58,9,9,3,3,9,0,8,9,222522,5.450000
283088,141541,218188,436400,177728,7273,7273.000000,30,8,9,2,2,3,999,4,9,329323,16.340000
211750,105874,218197,436400,165384,10910,10926.000000,20,9,4,2,2,6,1,6,5,249192,17.690000
223132,111565,187996,376000,121204,9400,9415.000000,20,6,5,2,2,6,0,6,5,223132,0.000000
334063,167030,282895,565800,241360,14145,14162.000000,20,6,5,2,2,6,0,6,5,360895,8.040000
246153,123075,218190,436400,128077,8081,8081.000000,27,6,7,2,2,3,999,5,7,306876,24.670000
224362,112180,218195,436400,117030,12835,13062.000000,17,8,4,1,1,6,999,5,5,248775,10.890000
312979,156485,282874,565800,200383,4877,4877.000000,58,9,9,3,3,9,0,8,9,335653,7.250000
166224,83109,218184,436400,101282,5897,5897.000000,37,7,7,2,2,8,0,7,7,166224,0.000000
290632,145314,218196,436400,165537,18183,18193.500000,12,5,4,1,1,7,0,5,4,290632,0.000000
249444,124722,218199,436400,214332,7524,7524.000000,29,9,5,3,3,8,999,9,5,263985,5.830000
240698,115401,218196,436400,170542,9918,9919.000000,22,5,7,2,2,4,999,4,7,289623,20.330000
232829,116414,218196,436400,181972,4278,4278.000000,51,8,9,3,3,9,0,7,9,233508,0.300000
193153,96576,218196,436400,90283,10910,10917.000000,20,9,4,2,2,6,999,9,4,228224,18.160000
216277,108138,218197,436400,90907,6818,6818.000000,32,8,7,2,2,3,999,6,7,275675,27.470000
248444,124221,218198,436400,158793,9918,9918.500000,22,6,5,2,2,3,999,5,6,280185,12.780000
275803,137899,218193,436400,190431,8392,8395.000000,26,6,7,2,2,4,999,4,8,302838,9.810000
197281,98640,218199,436400,151617,10910,10910.000000,20,6,5,2,2,3,999,6,5,262442,33.030000
241537,120767,218185,436400,118327,5897,5897.000000,37,9,6,3,3,6,999,7,7,273032,13.040000
268286,134143,218198,436400,185376,4196,4196.000000,52,10,7,3,3,4,999,10,7,300976,12.190000
263395,131697,218198,436400,212117,10910,10911.000000,20,6,5,2,2,4,999,6,5,301158,14.340000
215265,107632,218196,436400,149355,5742,5742.000000,38,8,7,2,2,7,999,6,8,251776,16.970000
234236,117118,218197,436400,189864,10910,10917.500000,20,9,4,2,2,4,999,9,4,273868,16.920000
252696,126347,218197,436400,124042,9918,9951.000000,22,7,6,2,2,4,999,5,6,288700,14.250000
226582,113289,218195,436400,104280,13637,14186.000000,16,7,4,2,2,4,999,7,4,256534,13.220000
203330,101664,218197,436400,89288,10910,10912.000000,20,9,4,2,2,7,999,9,4,231496,13.860000
197116,98557,218198,436400,128236,18189,22703.000000,12,5,4,1,1,3,999,5,4,261084,32.460000
222353,111174,218195,436400,88545,4364,4364.000000,50,7,10,2,2,9,0,6,10,222353,0.000000
200171,100083,218196,436400,112370,15585,16075.500000,14,7,4,1,1,3,999,6,4,246564,23.180000
294421,147209,218195,436400,223016,12835,12886.000000,17,6,5,2,2,3,999,5,5,328906,11.720000
284748,142372,218196,436400,135199,15585,16005.500000,14,5,5,1,1,4,999,4,5,310715,9.120000
261599,130798,218197,436400,222525,9486,9488.000000,23,7,5,2,2,7,0,7,5,280290,7.150000
165865,82931,218198,436400,110373,12122,12795.500000,18,8,4,2,2,7,0,8,4,202782,22.260000
213753,106876,218199,436400,133673,8392,8392.000000,26,8,5,3,3,8,0,8,5,232037,8.560000
239460,119729,218195,436400,129391,9918,10323.500000,22,5,6,2,2,8,0,5,6,239460,0.000000
246622,123308,218189,436400,186597,8081,8082.000000,27,7,7,2,2,8,0,5,7,246622,0.000000
198431,99214,218195,436400,107629,6818,6885.000000,32,6,8,2,2,8,0,5,8,198431,0.000000
243176,121588,218198,436400,89354,6818,6818.000000,32,8,8,2,2,7,999,5,8,253197,4.130000
131608,65801,218187,436400,80775,7273,7273.000000,30,8,6,2,2,6,999,7,6,172256,30.890000
281436,140715,218186,436400,223597,6417,6417.000000,34,5,10,2,2,4,999,4,10,316963,12.630000
179264,89632,218198,436400,145694,8392,8392.000000,26,7,5,2,2,9,0,6,6,179264,0.000000
143561,71779,147895,295800,58690,6430,6437.000000,23,7,5,2,2,9,0,7,5,143561,0.000000
271127,135559,218183,436400,123785,5897,5897.000000,37,7,7,3,3,3,999,7,7,312121,15.120000
204819,102408,218196,436400,121448,9918,9919.500000,22,10,4,2,2,3,999,10,4,254184,24.110000
267619,133808,218194,436400,200471,13637,13639.000000,16,7,4,2,2,9,0,7,4,267619,0.000000
194082,97039,218196,436400,71792,3306,3306.000000,66,10,10,3,3,9,0,8,10,219165,12.930000
289413,144705,218196,436400,216246,12122,12124.000000,18,5,6,1,1,3,999,4,6,330326,14.140000
227228,113613,218197,436400,178635,7524,7524.000000,29,9,5,2,2,4,999,9,5,271997,19.710000
151811,75905,218198,436400,105960,10910,10980.000000,20,8,5,2,2,9,0,6,5,151811,0.000000
176440,88219,187998,376000,133827,9400,9419.500000,20,7,5,2,2,9,0,6,5,176440,0.000000
232705,116351,282893,565800,107821,14145,16949.500000,20,8,4,2,2,9,0,6,5,232705,0.000000
88256,44128,104397,208800,52414,5220,5362.500000,20,8,5,2,2,9,0,6,5,88256,0.000000
195559,97779,170598,341200,122304,8530,8530.000000,20,6,5,2,2,9,0,6,5,195559,0.000000
203670,101834,163198,326400,89963,8160,8160.000000,20,7,5,2,2,9,0,6,5,203670,0.000000
162091,81043,193491,387000,117811,9675,9676.500000,20,6,5,2,2,9,0,6,5,162091,0.000000
224256,112127,182998,366000,185928,9150,9152.000000,20,6,5,2,2,9,0,6,5,224256,0.000000
159629,79813,205996,412000,90629,10300,10948.000000,20,6,5,2,2,9,0,6,5,159629,0.000000
318971,159485,291796,583600,113144,14590,14846.000000,20,6,5,2,2,9,0,6,5,318971,0.000000
196306,98153,199798,399600,100818,9990,10009.500000,20,6,5,2,2,9,0,6,5,196306,0.000000
274949,137473,254093,508200,148532,12705,12705.500000,20,6,5,2,2,9,0,6,5,274949,0.000000
105446,52721,147891,295800,75741,7395,7397.000000,20,8,5,2,2,9,0,6,5,105446,0.000000
258417,129207,218196,436400,190346,15589,16972.500000,14,6,4,1,1,9,0,6,4,258417,0.000000
103730,51863,116091,232200,53843,5805,5811.000000,20,6,5,2,2,9,0,6,5,103730,0.000000
224063,112031,187997,376000,147282,13428,14446.500000,14,8,4,1,1,9,0,6,4,224063,0.000000
337120,168559,282896,565800,123720,20207,20782.000000,14,7,4,1,1,9,0,6,4,337120,0.000000
191893,95945,194893,389800,116525,9745,9748.500000,20,7,5,2,2,9,0,6,5,191893,0.000000
85926,42962,104397,208800,32327,7470,8854.500000,14,6,4,1,1,9,0,6,4,85926,0.000000
179302,89649,170594,341200,108931,12185,12189.000000,14,6,4,1,1,9,0,6,4,179302,0.000000
330129,165063,289596,579200,231965,14480,14797.500000,20,7,5,2,2,9,0,6,5,330129,0.000000
302134,151066,286397,572800,244673,14320,14320.000000,20,8,5,2,2,9,0,6,5,302134,0.000000
209436,104717,163198,326400,136331,11658,11718.500000,14,6,4,1,1,9,0,6,4,209436,0.000000
276140,138069,218198,436400,224154,9918,9918.000000,22,6,6,2,2,9,0,5,6,276140,0.000000
171665,85831,187993,376000,97787,8545,8556.500000,22,6,5,2,2,9,0,5,6,171665,0.000000
356594,178296,282893,565800,270885,12859,12867.000000,22,7,6,2,2,9,0,5,6,356594,0.000000
126322,63160,104394,208800,96252,4745,4760.500000,22,5,6,2,2,9,0,5,6,126322,0.000000
168495,84247,170597,341200,121774,7754,7760.000000,22,7,6,2,2,9,0,5,6,168495,0.000000
138092,69044,163196,326400,106295,7418,7419.500000,22,6,5,2,2,9,0,5,6,138092,0.000000
261554,130776,218198,436400,207080,10910,10910.500000,20,9,4,2,2,8,999,9,4,280683,7.320000
249618,124809,218196,436400,184648,8392,8485.500000,26,7,6,2,2,6,999,6,6,277214,11.060000
256989,128494,218198,436400,140640,9918,9936.000000,22,10,4,2,2,4,999,10,4,271964,5.830000
222123,111061,218195,436400,183611,4278,4278.000000,51,8,9,3,3,6,999,7,9,252853,13.840000
231994,115995,218188,436400,137947,7273,7273.000000,30,7,6,2,2,4,999,7,6,281279,21.250000
223457,111726,218189,436400,162405,7273,7273.500000,30,7,9,2,2,4,999,4,9,274250,22.740000
263125,131562,218198,436400,167648,8392,8392.000000,26,7,6,2,2,3,999,6,6,292800,11.280000
236266,118133,218199,436400,118596,8392,8392.000000,26,9,5,2,2,4,999,8,5,263017,11.330000
200420,100209,218198,436400,75822,6818,6821.000000,32,6,8,2,2,3,999,5,8,266828,33.140000
246494,123246,218197,436400,187721,8392,8392.000000,26,7,6,2,2,4,999,6,6,289789,17.570000
210606,105302,218198,436400,180509,7524,7524.000000,29,9,5,3,3,9,0,9,5,210606,0.000000
172835,86415,218183,436400,87883,5195,5195.000000,42,8,7,3,3,9,0,8,7,186806,8.090000
132230,66113,218187,436400,99888,6417,6417.000000,34,8,6,3,3,9,0,8,6,132230,0.000000
163650,81823,187989,376000,122667,5529,5530.000000,34,9,6,2,2,9,0,8,6,183927,12.400000
143873,71935,187996,376000,67004,4476,4476.000000,42,8,7,3,3,9,0,8,7,158654,10.280000
244245,122122,282896,565800,187954,8320,8320.000000,34,9,6,3,3,9,0,8,6,277169,13.480000
89897,44947,104395,208800,64835,3070,3070.000000,34,8,6,3,3,9,0,8,6,89897,0.000000
236207,118101,282885,565800,138104,6735,6735.000000,42,8,7,3,3,9,0,8,7,236207,0.000000
124731,62364,170586,341200,65585,5017,5017.000000,34,9,5,2,2,9,0,8,6,141387,13.360000
122163,61080,163196,326400,93082,4800,4800.000000,34,9,6,3,3,9,0,8,6,133697,9.450000
221648,110822,193485,387000,127279,5691,5691.000000,34,8,6,3,3,9,0,8,6,228517,3.100000
239935,119967,218197,436400,182199,8392,8392.500000,26,9,5,3,3,9,0,8,5,254663,6.140000
176604,88301,187997,376000,77659,7230,7238.500000,26,9,5,2,2,9,0,8,5,176604,0.000000
197891,98945,282898,565800,125742,10880,10880.000000,26,9,5,2,2,9,0,8,5,197891,0.000000
100416,50206,104389,208800,84355,4015,4015.000000,26,9,5,2,2,9,0,8,5,100416,0.000000
245357,122677,218196,436400,199374,10910,10946.000000,20,9,4,2,2,9,0,9,4,245357,0.000000
123300,61649,187998,376000,92290,9400,9401.500000,20,9,4,2,2,9,0,9,4,131175,6.390000
291066,145533,282896,565800,184220,14145,14357.000000,20,9,4,2,2,9,0,9,4,291066,0.000000
70352,35175,104398,208800,45413,5220,5301.000000,20,9,4,2,2,9,0,9,4,70352,0.000000
117846,58921,170597,341200,90577,8530,8553.000000,20,9,4,2,2,9,0,9,4,142660,21.060000
153558,76779,163198,326400,110494,8160,8165.000000,20,9,4,2,2,9,0,9,4,153558,0.000000
247894,123945,218186,436400,84592,5897,5897.000000,37,8,7,2,2,9,0,7,7,259554,4.710000
220204,110098,218179,436400,134917,4959,4959.000000,44,7,8,3,3,9,0,7,8,220204,0.000000
231319,115658,193493,387000,119440,9675,9681.000000,20,9,4,2,2,9,0,9,4,231319,0.000000
211429,105714,182997,366000,170436,9150,9150.000000,20,11,4,2,2,9,0,9,4,225956,6.880000
151543,75770,205994,412000,67869,10300,10751.000000,20,9,4,2,2,9,0,9,4,154779,2.140000
318770,159385,291796,583600,264832,14590,14594.500000,20,8,4,2,2,9,0,9,4,318770,0.000000
202184,101089,187983,376000,169075,5081,5081.000000,37,7,7,3,3,9,0,7,7,202184,0.000000
180188,90094,199798,399600,111960,9990,9990.000000,20,9,4,2,2,9,0,9,4,180188,0.000000
218933,109465,254093,508200,180410,12705,12705.000000,20,9,4,2,2,9,0,9,4,218933,0.000000
91022,45509,147891,295800,65817,7395,7396.500000,20,9,4,2,2,9,0,9,4,110285,21.170000
157663,78830,187996,376000,100255,4272,4272.000000,44,7,8,3,3,9,0,7,8,157663,0.000000
326412,163204,282885,565800,221200,7645,7645.000000,37,8,6,3,3,9,0,7,7,326412,0.000000
68518,34258,116094,232200,51060,5805,5808.000000,20,9,4,2,2,9,0,9,4,68518,0.000000
194437,97218,194893,389800,105946,9745,9745.000000,20,9,4,2,2,9,0,9,4,216144,11.170000
262674,131336,289597,579200,209630,14480,14484.500000,20,9,4,2,2,9,0,9,4,262674,0.000000
322178,161088,286398,572800,203337,14320,14320.000000,20,9,4,2,2,9,0,9,4,322178,0.000000
121955,60976,104385,208800,74860,2821,2821.000000,37,7,7,2,2,9,0,7,7,121955,0.000000
334545,167272,285996,572000,288474,14300,14306.000000,20,9,4,2,2,9,0,9,4,334545,0.000000
192715,96356,254093,508200,125150,12705,12776.500000,20,9,4,2,2,9,0,9,4,226358,17.460000
116918,58459,111196,222400,61466,5560,5598.500000,20,9,4,2,2,9,0,9,4,126699,8.370000
108379,54188,150293,300600,85056,7515,7594.000000,20,9,4,2,2,9,0,9,4,127683,17.820000
290229,145112,282883,565800,149692,6429,6429.000000,44,10,8,3,3,9,0,7,8,298965,3.020000
184974,92486,170598,341200,115976,4610,4610.000000,37,8,7,3,3,9,0,7,7,184974,0.000000
147861,73929,133292,266600,93955,6665,6675.500000,20,10,4,2,2,9,0,9,4,158824,7.420000
191528,95763,236695,473400,148558,11835,11893.000000,20,9,4,2,2,9,0,9,4,217153,13.380000
228372,114185,218189,436400,186892,7273,7273.000000,30,8,5,2,2,9,0,7,6,228372,0.000000
212668,106333,187995,376000,123392,6266,6267.000000,30,7,6,2,2,9,0,7,6,212668,0.000000
305478,152738,282896,565800,234687,9430,9430.000000,30,7,5,2,2,9,0,7,6,305478,0.000000
112409,56204,104398,208800,93876,3480,3480.000000,30,7,6,3,3,9,0,7,6,112409,0.000000
153154,76576,170598,341200,78377,5686,5686.000000,30,7,6,2,2,9,0,7,6,153154,0.000000
161663,80830,163196,326400,102107,5440,5440.000000,30,8,6,3,3,9,0,7,6,161663,0.000000
162977,81488,193496,387000,109068,6450,6450.000000,30,7,6,2,2,9,0,7,6,162977,0.000000
215613,107806,182998,366000,107606,6100,6100.000000,30,7,6,2,2,9,0,7,6,215613,0.000000
226844,113421,205997,412000,185905,6866,6866.000000,30,9,6,3,3,9,0,7,6,226844,0.000000
234941,117469,218197,436400,176751,6818,6818.000000,32,8,7,2,2,9,0,6,7,234941,0.000000
226368,113180,218182,436400,139637,5195,5195.000000,42,8,10,2,2,9,0,5,10,226368,0.000000
274462,137226,218183,436400,207753,5897,5897.000000,37,7,9,2,2,4,999,5,9,309591,12.800000
170276,85134,218184,436400,112443,5897,5897.000000,37,6,9,2,2,9,0,5,9,170276,0.000000
209899,104946,187985,376000,149121,5875,5875.000000,32,6,7,2,2,9,0,6,7,209899,0.000000
254406,127202,218198,436400,143350,5742,5742.000000,38,7,8,2,2,9,0,6,8,254406,0.000000
232683,116338,218189,436400,129577,6417,6418.000000,34,5,10,2,2,9,0,4,10,232683,0.000000
212443,106221,218197,436400,132020,6818,6818.000000,32,6,8,2,2,9,0,5,8,212443,0.000000
259412,129706,218198,436400,168422,18183,18270.000000,12,5,4,1,1,9,0,5,4,259412,0.000000
349691,174844,291798,583600,301049,9726,9726.000000,30,9,6,2,2,9,0,7,6,370269,5.890000
269353,134675,218196,436400,101631,8392,8392.500000,26,6,7,2,2,9,0,4,8,269353,0.000000
237463,118730,218196,436400,177906,9918,9919.000000,22,6,7,2,2,9,0,4,7,237463,0.000000
222979,111489,218198,436400,86534,12122,12122.000000,18,6,6,1,1,9,0,4,6,222979,0.000000
197131,98562,218187,436400,102957,7273,7273.000000,30,6,8,2,2,9,0,4,9,197131,0.000000
281967,140983,218198,436400,211774,15586,16388.500000,14,4,5,1,1,9,0,4,5,281967,0.000000
142762,71380,187997,376000,109498,6482,6482.000000,29,9,5,3,3,9,0,9,5,142762,0.000000
250235,125117,218198,436400,207630,8392,8394.000000,26,8,5,2,2,6,999,8,5,276539,10.520000
231283,115640,187997,376000,191744,7230,7230.000000,26,7,6,2,2,9,0,6,6,231283,0.000000
203710,101853,218193,436400,111736,12835,15263.000000,17,5,5,1,1,9,0,5,5,203710,0.000000
237097,118547,187996,376000,191603,11058,11059.000000,17,7,5,2,2,9,0,5,5,237097,0.000000
207568,103783,193493,387000,162082,8795,8795.500000,22,7,6,2,2,9,0,5,6,207568,0.000000
231817,115907,182996,366000,171891,8318,8319.000000,22,6,6,2,2,9,0,5,6,231817,0.000000
256606,128301,205992,412000,130445,9363,9363.000000,22,6,6,2,2,9,0,5,6,256606,0.000000
327322,163659,291793,583600,159547,13263,13284.000000,22,6,6,2,2,9,0,5,6,327322,0.000000
322345,161171,282895,565800,223300,16641,16780.000000,17,6,5,2,2,9,0,5,5,322345,0.000000
227536,113767,199793,399600,106828,9081,9088.500000,22,6,6,2,2,9,0,5,6,227536,0.000000
63877,31938,104396,208800,43427,6141,6144.000000,17,6,5,2,2,9,0,5,5,63877,0.000000
177611,88804,170595,341200,72111,10036,10758.000000,17,8,5,1,1,9,0,5,5,177611,0.000000
185943,92971,163198,326400,146512,9600,9602.000000,17,5,5,2,2,9,0,5,5,185943,0.000000
215418,107708,193497,387000,153074,11382,11384.000000,17,6,5,2,2,9,0,5,5,215418,0.000000
220171,110084,182998,366000,121613,10764,10780.000000,17,6,5,2,2,9,0,5,5,220171,0.000000
185420,92708,205994,412000,130807,12117,12118.000000,17,6,5,2,2,9,0,5,5,185420,0.000000
312764,156381,291796,583600,160941,17164,17240.000000,17,7,5,1,1,9,0,5,5,312764,0.000000
315718,157858,254098,508200,204471,11550,11551.000000,22,7,6,1,1,9,0,5,6,315718,0.000000
199031,99514,199796,399600,83006,11752,12007.000000,17,6,5,2,2,9,0,5,5,199031,0.000000
264801,132400,254098,508200,175170,14947,15168.000000,17,5,5,2,2,9,0,5,5,264801,0.000000
143012,71504,147897,295800,92735,6722,6722.000000,22,6,6,2,2,9,0,5,6,143012,0.000000
116934,58465,116091,232200,78375,5277,5277.500000,22,6,6,2,2,9,0,5,6,116934,0.000000
178101,89050,147898,295800,151228,8700,8702.000000,17,6,4,2,2,9,0,5,5,178101,0.000000
119445,59722,116095,232200,49774,6829,7342.000000,17,6,5,2,2,9,0,5,5,119445,0.000000
246908,123452,194892,389800,119858,8859,8863.000000,22,7,6,2,2,9,0,5,6,246908,0.000000
208486,104242,194897,389800,100852,11464,11645.000000,17,6,5,2,2,9,0,5,5,208486,0.000000
170987,85493,193498,387000,125258,13821,13866.500000,14,6,4,1,1,9,0,6,4,170987,0.000000
351038,175519,289595,579200,252568,13163,13182.500000,22,6,5,2,2,9,0,5,6,351038,0.000000
208445,104222,182996,366000,168224,13071,13174.500000,14,7,4,1,1,9,0,6,4,208445,0.000000
264301,132148,218191,436400,149185,8081,8088.000000,27,6,7,2,2,9,0,5,7,264301,0.000000
363324,181660,289594,579200,221737,17035,17143.000000,17,6,5,1,1,9,0,5,5,363324,0.000000
274634,137317,285999,572000,194658,14300,14301.000000,20,6,5,2,2,9,0,6,5,274634,0.000000
191903,95950,187996,376000,77670,6962,6963.000000,27,6,7,2,2,9,0,5,7,191903,0.000000
144217,72108,218196,436400,93465,12126,13144.000000,18,8,4,2,2,6,999,8,4,186650,29.430000
350294,175145,286393,572800,224769,16847,16850.000000,17,6,5,2,2,9,0,5,5,350294,0.000000
348161,174079,285995,572000,191628,16823,16832.000000,17,5,5,2,2,9,0,5,5,348161,0.000000
274629,137313,254095,508200,122592,14947,15063.000000,17,5,5,2,2,9,0,5,5,274629,0.000000
131972,65985,111196,222400,89615,6541,6571.000000,17,5,5,2,2,9,0,5,5,131972,0.000000
190959,95478,150294,300600,136415,8841,8850.000000,17,5,5,2,2,9,0,5,5,190959,0.000000
165708,82852,133294,266600,106484,7841,7845.000000,17,5,5,1,1,9,0,5,5,165708,0.000000
269360,134679,236696,473400,173483,13923,13997.000000,17,5,5,2,2,9,0,5,5,269360,0.000000
117391,58694,100994,202000,88277,5941,5954.000000,17,6,5,1,1,9,0,5,5,117391,0.000000
312250,156124,243195,486400,235056,14305,14306.000000,17,6,5,2,2,9,0,5,5,312250,0.000000
136326,68161,119895,239800,83304,7054,7325.000000,17,5,5,2,2,9,0,5,5,136326,0.000000
82234,41115,110796,221600,34726,6518,6724.000000,17,6,5,1,1,9,0,5,5,82234,0.000000
237233,118615,191296,382600,151127,11252,11257.000000,17,6,5,2,2,9,0,5,5,237233,0.000000
363729,181864,283099,566200,296154,16652,16656.000000,17,6,5,1,1,9,0,5,5,363729,0.000000
173050,86523,147296,294600,126087,8664,8700.000000,17,5,5,2,2,9,0,5,5,173050,0.000000
196924,98461,186997,374000,134339,11000,11026.000000,17,7,5,2,2,9,0,5,5,196924,0.000000
290498,145248,295995,592000,213935,17411,17731.000000,17,5,5,2,2,9,0,5,5,290498,0.000000
173782,86890,139997,280000,107917,8235,8566.000000,17,6,5,1,1,9,0,5,5,173782,0.000000
122385,61191,135696,271400,83355,7982,8057.000000,17,6,5,1,1,9,0,5,5,122385,0.000000
184002,92000,149397,298800,96702,8788,8797.000000,17,7,4,2,2,9,0,5,5,184002,0.000000
172102,86051,144596,289200,95462,8505,8508.000000,17,6,5,1,1,9,0,5,5,172102,0.000000
150403,75200,157495,315000,104135,9264,9287.000000,17,5,5,2,2,9,0,5,5,150403,0.000000
147561,73780,164598,329200,85005,9682,9723.000000,17,6,5,1,1,9,0,5,5,147561,0.000000
169298,84648,134896,269800,64409,7935,8030.000000,17,5,5,2,2,9,0,5,5,169298,0.000000
375996,187997,291095,582200,305730,17123,17123.000000,17,6,5,2,2,9,0,5,5,375996,0.000000
207732,103864,240393,480800,70114,14141,15277.000000,17,6,5,2,2,9,0,5,5,207732,0.000000
132950,66474,112198,224400,93227,6600,6604.000000,17,6,5,1,1,9,0,5,5,132950,0.000000
345198,172598,284795,569600,202139,16752,16795.000000,17,6,4,2,2,9,0,5,5,345198,0.000000
134085,67041,182095,364200,70587,10711,12794.000000,17,6,5,1,1,9,0,5,5,134085,0.000000
132869,66433,120895,241800,103756,7111,7111.000000,17,5,5,1,1,9,0,5,5,132869,0.000000
240671,120333,196193,392400,194423,11541,11561.000000,17,8,5,1,1,9,0,5,5,240671,0.000000
216163,108081,186598,373200,171107,10976,11014.000000,17,6,5,2,2,9,0,5,5,216163,0.000000
206266,103131,164796,329600,151123,9694,9712.000000,17,6,5,2,2,9,0,5,5,206266,0.000000
151600,75798,123094,246200,70430,7241,7278.000000,17,6,5,2,2,9,0,5,5,151600,0.000000
147023,73510,143996,288000,97032,8470,8485.000000,17,5,5,2,2,9,0,5,5,147023,0.000000
138780,69389,114495,229000,107306,6735,6744.000000,17,6,5,1,1,9,0,5,5,138780,0.000000
227195,113596,193894,387800,167648,11405,11406.000000,17,6,5,1,1,9,0,5,5,227195,0.000000
121746,60872,102794,205600,97539,6047,6048.000000,17,6,5,2,2,9,0,5,5,121746,0.000000
147089,73543,180295,360600,88218,10605,10626.000000,17,5,5,2,2,9,0,5,5,147089,0.000000
327427,163713,268397,536800,228834,15788,15799.000000,17,5,5,2,2,9,0,5,5,327427,0.000000
159413,79705,180494,361000,83744,10617,10620.000000,17,6,5,1,1,9,0,5,5,159413,0.000000
162778,81387,210595,421200,125301,12388,12469.000000,17,6,4,2,2,9,0,5,5,162778,0.000000
226715,113356,179294,358600,171487,10547,10551.000000,17,6,5,2,2,9,0,5,5,226715,0.000000
267046,133523,235598,471200,209578,13858,13930.000000,17,5,5,1,1,9,0,5,5,267046,0.000000
172530,86264,210894,421800,109908,12405,12450.000000,17,5,5,2,2,9,0,5,5,172530,0.000000
117524,58761,130098,260200,52734,7652,8316.000000,17,6,5,1,1,9,0,5,5,117524,0.000000
158027,79011,187988,376000,79308,5875,5875.000000,32,6,8,2,2,7,0,5,8,158027,0.000000
333073,166536,282895,565800,225728,8840,8843.500000,32,7,8,2,2,7,0,5,8,333073,0.000000
124865,62432,104397,208800,58589,3262,3262.000000,32,6,8,2,2,7,0,5,8,132064,5.770000
212423,106209,170586,341200,104039,5331,5331.000000,32,6,8,2,2,7,0,5,8,212423,0.000000
145657,72827,163197,326400,100127,5100,5100.000000,32,5,8,2,2,7,0,5,8,145657,0.000000
149589,74792,193495,387000,98171,6046,6046.000000,32,7,8,2,2,7,0,5,8,182927,22.290000
220216,110106,182994,366000,126756,5718,5718.000000,32,7,8,2,2,7,0,5,8,220216,0.000000
217437,108715,205987,412000,148453,6437,6437.000000,32,6,8,2,2,7,0,5,8,217437,0.000000
357104,178550,291796,583600,261453,9118,9118.000000,32,7,8,2,2,7,0,5,8,357104,0.000000
144593,72295,205997,412000,99457,14716,16421.000000,14,6,4,2,2,9,0,6,4,144593,0.000000
363968,181984,286399,572800,267320,13018,13018.000000,22,6,6,2,2,9,0,5,6,363968,0.000000
115185,57591,119895,239800,73711,7053,7198.000000,17,5,5,2,2,9,0,5,5,115185,0.000000
240793,120394,282891,565800,113145,10477,10477.000000,27,7,7,2,2,9,0,5,7,240793,0.000000
223023,111510,187995,376000,104719,4476,4477.500000,42,7,10,2,2,9,0,5,10,223023,0.000000
118028,59013,100998,202000,98894,5050,5050.500000,20,9,4,2,2,9,0,9,4,118028,0.000000
138017,69008,163196,326400,51370,4410,4410.000000,37,8,7,3,3,9,0,7,7,140413,1.740000
64158,32078,104398,208800,29390,2372,2372.000000,44,7,8,3,3,9,0,7,8,64158,0.000000
74146,37071,104383,208800,56302,2485,2485.000000,42,10,7,3,3,9,0,8,7,89538,20.760000
213223,106610,182997,366000,183133,5382,5382.000000,34,8,6,3,3,9,0,8,6,220493,3.410000
267937,133968,218198,436400,146630,5742,5742.000000,38,8,8,3,3,3,999,6,8,297640,11.090000
138398,69198,187997,376000,65633,6266,6267.000000,30,8,6,2,2,4,999,7,6,193100,39.530000
247961,123979,218197,436400,181915,5742,5742.000000,38,9,6,3,3,9,0,9,6,257590,3.890000
252774,126384,218180,436400,107845,4959,4959.000000,44,8,8,2,2,9,0,6,9,252774,0.000000
125019,62509,116093,232200,102968,5047,5050.000000,23,7,5,2,2,9,0,7,5,125019,0.000000
277855,138921,218180,436400,198205,4959,4959.000000,44,8,8,3,3,3,999,7,8,311150,11.990000
182736,91365,187984,376000,147154,5081,5081.000000,37,7,8,2,2,9,0,5,9,182736,0.000000
194836,97416,218195,436400,125722,6818,6819.500000,32,10,5,3,3,3,999,10,5,261732,34.340000
243667,121831,218184,436400,169522,5195,5195.000000,42,8,9,2,2,4,999,5,10,278091,14.130000
244213,122105,218195,436400,134973,5742,5742.000000,38,7,8,2,2,6,999,6,8,265713,8.810000
260976,130486,218188,436400,214556,7273,7273.000000,30,10,6,2,2,7,999,7,6,282920,8.410000
275056,137527,218198,436400,219288,4278,4278.000000,51,8,9,3,3,4,999,7,9,301275,9.540000
236798,118398,218198,436400,85139,6818,6818.000000,32,10,5,3,3,6,999,10,5,266657,12.610000
233746,116868,218183,436400,152057,5195,5195.000000,42,8,7,3,3,4,999,8,7,283655,21.360000
127485,63741,218193,436400,79033,9918,10001.000000,22,10,4,2,2,8,999,10,4,162358,27.360000
232775,116387,218196,436400,182540,5742,5742.000000,38,9,5,3,3,8,999,9,6,258452,11.040000
333706,166851,291794,583600,246235,20845,22188.500000,14,6,4,1,1,9,0,6,4,333706,0.000000
325490,162745,285997,572000,252496,13000,13085.500000,22,6,5,2,2,9,0,5,6,325490,0.000000
189703,94851,187998,376000,140266,11750,12158.500000,16,7,4,2,2,9,0,7,4,189703,0.000000
234275,117136,254093,508200,140037,12705,12778.500000,20,6,5,2,2,9,0,6,5,234275,0.000000
153291,76645,187998,376000,104108,7230,7244.000000,26,7,6,2,2,3,999,6,6,225119,46.860000
235605,117800,199786,399600,187008,6243,6243.000000,32,6,8,2,2,7,0,5,8,235605,0.000000
251536,125767,218196,436400,120791,9918,9918.500000,22,10,4,2,2,7,999,10,4,273653,8.800000
147031,73509,218183,436400,109200,5195,5195.000000,42,11,6,3,3,4,999,10,6,222403,51.270000
246431,123215,218198,436400,187433,8392,8392.000000,26,9,4,3,3,7,999,8,5,261439,6.100000
209057,104526,218188,436400,89321,6417,6418.000000,34,9,6,3,3,3,999,8,6,278979,33.450000
243801,121898,187993,376000,110398,6266,6266.500000,30,6,9,2,2,3,999,4,9,279583,14.680000
183252,91626,218198,436400,111398,9486,9486.000000,23,8,5,2,2,6,999,7,5,210351,14.790000
246594,123293,218183,436400,133248,5897,5897.000000,37,7,9,2,2,6,999,5,9,262378,6.410000
207922,103961,187999,376000,126126,6962,6962.000000,27,6,7,2,2,4,999,5,7,248202,19.380000
211767,105882,187988,376000,120258,5875,5875.000000,32,7,6,2,2,8,0,5,8,211767,0.000000
236599,118298,187996,376000,173275,6962,6962.000000,27,8,7,2,2,8,0,5,7,236599,0.000000
324392,162194,282891,565800,194632,10477,10480.000000,27,6,7,2,2,8,0,5,7,324392,0.000000
311136,155566,282896,565800,156426,8840,8840.000000,32,7,8,2,2,8,0,5,8,311136,0.000000
113636,56817,104398,208800,88137,3866,3866.000000,27,8,7,2,2,8,0,5,7,113636,0.000000
88730,44365,104399,208800,62778,3262,3262.000000,32,6,7,2,2,8,0,5,8,88730,0.000000
186640,93320,170598,341200,142298,6318,6328.000000,27,6,6,2,2,8,0,5,7,186640,0.000000
208798,104395,170586,341200,123093,5331,5331.000000,32,6,8,2,2,8,0,5,8,208798,0.000000
185330,92664,163197,326400,146319,6044,6044.000000,27,7,7,2,2,8,0,5,7,185330,0.000000
198698,99348,193497,387000,132653,7166,7166.000000,27,7,7,2,2,8,0,5,7,198698,0.000000
203386,101692,163197,326400,167539,5100,5100.000000,32,7,8,2,2,8,0,5,8,203386,0.000000
230034,115014,182989,366000,166999,6777,6778.000000,27,6,7,2,2,8,0,5,7,230034,0.000000
169944,84970,205992,412000,79591,7629,7630.000000,27,6,6,2,2,8,0,5,7,169944,0.000000
324487,162241,291790,583600,160821,10807,10807.000000,27,5,6,2,2,8,0,5,7,324487,0.000000
235929,117963,193497,387000,103065,6046,6046.000000,32,7,8,2,2,8,0,5,8,235929,0.000000
160541,80269,199797,399600,109952,7400,7400.000000,27,6,7,2,2,8,0,5,7,160541,0.000000
285735,142866,254092,508200,105910,9411,9427.000000,27,6,7,2,2,8,0,5,7,285735,0.000000
125617,62807,182994,366000,82307,5718,5718.000000,32,8,7,2,2,8,0,5,8,141270,12.470000
162462,81228,147887,295800,89387,5477,5477.000000,27,7,7,2,2,8,0,5,7,174896,7.660000
141148,70572,116097,232200,61373,4300,4300.000000,27,6,7,2,2,8,0,5,7,141148,0.000000
200342,100168,205987,412000,85633,6437,6437.000000,32,7,8,2,2,8,0,5,8,200342,0.000000
187269,93632,187990,376000,144411,8545,8545.000000,22,6,6,2,2,8,0,5,6,187269,0.000000
298904,149451,291797,583600,246891,9118,9118.000000,32,7,6,2,2,8,0,5,8,298904,0.000000
234788,117392,194897,389800,132099,7218,7218.000000,27,5,7,2,2,8,0,5,7,234788,0.000000
217543,108770,187997,376000,179601,10444,10444.000000,18,9,4,2,2,7,0,8,4,235704,8.350000
199780,99889,187998,376000,169834,7230,7230.000000,26,8,5,2,2,8,0,8,5,220000,10.130000
276236,138117,282896,565800,110083,10880,10885.000000,26,8,5,3,3,8,0,8,5,276236,0.000000
117417,58707,104392,208800,80499,4015,4019.500000,26,9,5,2,2,8,0,8,5,128329,9.300000
179250,89623,170591,341200,135181,6561,6563.000000,26,8,5,3,3,8,0,8,5,179250,0.000000
188865,94432,163198,326400,138617,6276,6276.000000,26,8,5,2,2,8,0,8,5,198094,4.890000
243243,121621,218197,436400,201464,4642,4642.000000,47,9,7,3,3,6,999,9,7,264176,8.610000
146143,73070,187994,376000,95141,8545,9223.500000,22,10,4,2,2,4,999,10,4,195060,33.480000
224883,112441,218195,436400,170414,9918,10040.000000,22,10,4,2,2,6,999,10,4,251423,11.810000
237535,118765,187990,376000,146994,8545,8545.000000,22,10,4,2,2,3,999,10,4,272298,14.640000
279310,139654,187996,376000,195496,10444,10445.000000,18,6,6,1,1,3,999,4,6,291154,4.250000
254287,127142,218196,436400,216297,4196,4196.000000,52,10,7,3,3,6,999,10,7,270942,6.550000
227110,113554,187997,376000,160243,6266,6266.000000,30,5,8,2,2,4,999,4,9,264332,16.390000
166394,83196,187996,376000,133991,9400,9726.000000,20,9,4,2,2,8,999,9,4,188035,13.010000
225990,112994,218198,436400,99610,6818,6818.000000,32,8,8,2,2,6,999,5,8,242688,7.390000
128209,64103,187994,376000,80982,8173,8178.000000,23,8,5,2,2,7,0,7,5,152150,18.680000
161494,80747,187998,376000,72270,3760,3760.000000,50,7,10,3,3,9,0,6,10,161494,0.000000
332631,166315,282898,565800,270898,5658,5658.000000,50,8,9,2,2,9,0,6,10,332631,0.000000
97752,48876,104398,208800,51178,2088,2088.000000,50,8,10,3,3,9,0,6,10,97752,0.000000
261801,130900,218199,436400,171694,4364,4364.000000,50,9,8,3,3,4,999,8,8,295632,12.930000
252200,126099,218197,436400,218101,6818,6818.000000,32,10,5,3,3,7,999,10,5,276588,9.680000
245907,122953,218198,436400,125581,9918,9918.000000,22,11,4,1,1,9,999,10,4,263767,7.270000
172296,86146,218196,436400,99469,7524,7524.000000,29,9,5,3,3,7,999,9,5,205726,19.410000
241293,120646,218198,436400,203253,7524,7524.000000,29,9,5,2,2,6,1,9,5,261951,8.570000
222475,111233,218185,436400,67894,5897,5898.000000,37,7,9,2,2,3,999,5,9,289310,30.050000
187856,93927,187997,376000,140741,7230,7230.000000,26,9,5,2,2,4,999,8,5,222200,18.290000
205802,102898,218186,436400,100635,6417,6417.000000,34,9,6,3,3,4,999,8,6,255045,23.930000
239650,119824,218196,436400,137200,7524,7524.000000,29,9,5,2,2,3,999,9,5,282659,17.950000
150178,75088,187997,376000,115619,10444,10597.500000,18,9,4,1,1,6,999,8,4,184276,22.710000
147468,73733,187998,376000,101918,7230,7231.000000,26,8,6,2,2,4,999,6,6,199180,35.070000
253724,126858,218186,436400,84839,6417,6418.500000,34,7,9,2,2,3,999,4,10,303815,19.750000
147388,73687,218184,436400,97110,5897,5897.000000,37,8,7,3,3,4,999,7,7,217605,47.650000
257852,128923,218180,436400,188672,4959,4959.000000,44,8,8,3,3,4,999,7,8,297533,15.390000
172015,86007,218197,436400,79508,5742,5742.000000,38,9,5,3,3,6,999,9,6,223456,29.910000
243662,121828,218181,436400,201708,4959,4959.000000,44,10,9,2,2,6,999,6,9,269385,10.560000
238996,119497,218198,436400,130734,6818,6818.000000,32,7,7,2,2,4,999,5,8,286500,19.880000
183144,91570,218196,436400,78623,5742,5742.000000,38,9,6,3,3,4,999,9,6,238545,30.250000
233938,116968,187997,376000,198680,11750,11762.000000,16,8,4,2,2,8,0,7,4,233938,0.000000
230485,115241,282895,565800,148255,17681,17685.000000,16,7,4,2,2,8,0,7,4,230485,0.000000
197281,98640,187998,376000,156270,13438,14045.000000,14,7,4,1,1,3,999,6,4,197281,0.000000
69723,34860,104396,208800,50131,6525,6546.000000,16,7,4,2,2,8,0,7,4,69723,0.000000
213105,106552,170598,341200,180287,10662,10663.500000,16,7,4,2,2,8,0,7,4,213105,0.000000
121746,60872,163195,326400,77756,10200,13797.500000,16,7,4,2,2,8,0,7,4,121746,0.000000
133610,66804,193493,387000,87689,12093,12717.000000,16,7,4,2,2,8,0,7,4,133610,0.000000
223929,111963,182993,366000,189616,11437,11437.000000,16,7,4,2,2,8,0,7,4,223929,0.000000
205484,102741,205995,412000,134613,12875,12948.000000,16,7,4,2,2,8,0,7,4,205484,0.000000
359241,179619,291795,583600,300527,18237,18240.500000,16,8,4,2,2,8,0,7,4,387286,7.810000
235277,117637,199794,399600,172105,12487,12488.500000,16,8,4,2,2,8,0,7,4,254257,8.070000
198570,99284,254095,508200,98148,15881,15934.000000,16,7,4,2,2,8,0,7,4,234407,18.050000
162862,81429,147895,295800,135077,9243,9262.500000,16,8,4,2,2,8,0,7,4,162862,0.000000
104374,52186,116096,232200,73561,7256,7324.500000,16,7,4,2,2,8,0,7,4,104374,0.000000
225649,112823,194894,389800,137804,12181,12210.500000,16,7,4,2,2,8,0,7,4,225649,0.000000
325674,162836,289595,579200,158002,18100,18510.000000,16,7,4,2,2,8,0,7,4,325674,0.000000
335182,167590,286398,572800,194035,17900,17900.000000,16,7,4,2,2,8,0,7,4,335182,0.000000
330469,165233,285994,572000,194341,17875,17883.000000,16,7,4,2,2,8,0,7,4,330469,0.000000
182200,91099,254094,508200,119190,15881,15914.000000,16,7,4,2,2,8,0,7,4,182200,0.000000
134801,67400,111197,222400,79751,6950,6957.000000,16,8,4,2,2,8,0,7,4,134801,0.000000
140670,70334,150295,300600,110190,9393,9541.500000,16,8,4,2,2,8,0,7,4,140670,0.000000
150667,75333,133296,266600,124856,8331,8621.500000,16,7,4,1,1,8,0,7,4,150667,0.000000
208310,104154,236696,473400,163752,14794,14910.500000,16,7,4,2,2,8,0,7,4,208310,0.000000
83112,41555,100997,202000,61439,6316,6924.000000,16,9,4,1,1,8,0,7,4,83112,0.000000
288353,144176,243197,486400,202036,15200,15220.000000,16,7,4,2,2,8,0,7,4,288353,0.000000
142916,71458,119896,239800,58542,7493,7572.000000,16,7,4,2,2,8,0,7,4,142916,0.000000
122679,61339,110795,221600,80072,6925,6925.000000,16,8,4,2,2,8,0,7,4,122679,0.000000
145025,72511,191295,382600,85660,11956,13129.000000,16,7,4,2,2,8,0,7,4,145025,0.000000
269103,134551,283095,566200,202248,17693,18083.000000,16,7,4,2,2,8,0,7,4,269103,0.000000
181864,90930,147296,294600,100347,9206,9213.500000,16,7,4,2,2,8,0,7,4,181864,0.000000
138719,69358,186995,374000,98653,11689,12678.500000,16,7,4,2,2,8,0,7,4,138719,0.000000
251961,125980,295998,592000,196430,18500,18517.000000,16,7,4,2,2,8,0,7,4,251961,0.000000
166067,83033,139998,280000,79288,8750,8753.500000,16,8,4,1,1,8,0,7,4,179125,7.870000
98466,49232,135695,271400,63572,8481,8758.000000,16,7,4,1,1,8,0,7,4,98466,0.000000
186232,93115,149396,298800,158220,9337,9337.500000,16,7,4,2,2,8,0,7,4,186232,0.000000
175800,87899,144595,289200,143375,9037,9056.000000,16,7,4,2,2,8,0,7,4,175800,0.000000
170748,85372,157495,315000,131571,9843,9879.500000,16,7,4,2,2,8,0,7,4,170748,0.000000
153857,76927,164595,329200,98655,10287,10715.000000,16,7,4,2,2,8,0,7,4,153857,0.000000
166050,83024,134895,269800,69995,8431,8439.500000,16,7,4,2,2,8,0,7,4,166050,0.000000
247895,123947,291095,582200,192942,18193,18259.000000,16,7,4,2,2,8,0,7,4,247895,0.000000
188440,94219,240394,480800,141384,15025,15025.500000,16,7,4,2,2,8,0,7,4,188440,0.000000
92733,46366,112198,224400,64570,7012,7016.000000,16,7,4,1,1,8,0,7,4,92733,0.000000
204735,102366,187991,376000,93316,8173,8173.000000,23,8,4,2,2,8,0,7,5,224100,9.460000
280647,140322,282897,565800,230578,12300,12325.000000,23,7,5,2,2,8,0,7,5,280647,0.000000
115496,57746,104392,208800,81595,4539,4539.000000,23,8,5,2,2,8,0,7,5,115496,0.000000
191687,95842,170592,341200,123058,7417,7421.000000,23,8,5,2,2,8,0,7,5,201999,5.380000
153211,76604,163193,326400,122010,7095,7098.000000,23,7,5,2,2,8,0,7,5,170426,11.240000
214197,107098,187997,376000,167196,15666,15679.000000,12,5,4,1,1,7,0,5,4,214197,0.000000
218979,109488,187986,376000,188298,5081,5081.000000,37,7,7,2,2,8,0,7,7,218979,0.000000
117186,58592,104396,208800,102310,1800,1800.000000,58,9,9,3,3,9,0,8,9,125881,7.420000
212737,106367,187996,376000,106267,3686,3686.000000,51,7,9,3,3,8,0,7,9,213507,0.370000
211257,105627,187997,376000,115927,11058,11059.000000,17,6,4,1,1,6,0,5,5,211257,0.000000
241290,120645,187997,376000,196926,13429,13448.500000,14,6,4,1,1,8,0,6,4,241290,0.000000
214801,107400,187997,376000,137958,3686,3686.000000,51,8,9,3,3,9,0,7,9,221424,3.090000
234911,117455,218197,436400,107634,5742,5742.000000,38,8,8,2,2,4,999,6,8,283850,20.840000
244127,122060,187986,376000,118769,5875,5875.000000,32,6,8,2,2,3,999,5,8,278295,14.000000
205717,102857,187995,376000,103555,11750,11813.000000,16,7,4,2,2,4,999,7,4,239457,16.410000
177477,88737,187995,376000,107620,8545,8635.000000,22,7,6,2,2,4,999,5,6,215514,21.440000
204047,102023,282896,565800,152376,12300,12370.000000,23,8,5,2,2,7,0,7,5,253620,24.300000
214951,107474,218194,436400,85629,4278,4278.000000,51,9,8,3,3,7,999,7,9,253802,18.080000
222498,111248,187997,376000,128524,9400,9472.000000,20,6,5,2,2,3,999,6,5,260912,17.270000
193200,96599,187998,376000,144756,9400,9465.500000,20,6,5,2,2,4,999,6,5,230647,19.390000
258822,129408,218181,436400,218264,5195,5195.000000,42,8,7,3,3,6,999,8,7,284010,9.740000
212382,106190,187998,376000,176227,7230,7230.000000,26,10,5,2,2,6,999,8,5,233628,10.010000
198944,99469,218183,436400,86727,4959,4959.000000,44,7,8,3,3,6,999,7,8,238522,19.900000
326576,163286,282896,565800,168657,20208,26918.500000,14,6,4,1,1,3,999,6,4,367419,12.510000
229605,114798,187986,376000,166700,5529,5529.000000,34,6,10,2,2,4,999,4,10,259273,12.930000
249344,124669,218182,436400,113482,5195,5195.000000,42,8,7,3,3,3,999,8,7,290919,16.680000
262080,131039,218196,436400,181817,4364,4364.000000,50,7,9,3,3,3,999,6,10,301621,15.090000
203943,101969,187991,376000,111730,8545,8547.000000,22,6,6,2,2,7,0,5,6,203943,0.000000
172758,86378,187998,376000,75079,19263,30508.000000,10,5,4,1,1,7,0,4,4,172758,0.000000
233986,116992,282898,565800,131724,29400,36431.000000,10,5,4,1,1,7,0,4,4,233986,0.000000
118710,59354,104397,208800,67080,10444,10686.000000,10,4,4,1,1,7,0,4,4,118710,0.000000
350438,175217,282892,565800,134519,12859,12859.500000,22,6,6,2,2,7,0,5,6,350438,0.000000
235665,117832,170598,341200,162806,17062,17362.500000,10,4,4,1,1,7,0,4,4,235665,0.000000
146973,73485,163198,326400,97403,16320,16390.000000,10,6,4,1,1,7,0,4,4,146973,0.000000
81268,40632,104394,208800,41601,4745,4812.000000,22,6,6,2,2,7,0,5,6,81268,0.000000
220265,110131,193497,387000,104532,19353,20155.000000,10,5,4,1,1,7,0,4,4,220265,0.000000
198004,99002,182999,366000,87332,18302,28742.500000,10,4,4,1,1,7,0,4,4,198004,0.000000
250820,125409,205998,412000,188808,20600,20623.500000,10,4,4,1,1,7,0,4,4,250820,0.000000
385044,192521,291798,583600,247919,29256,32134.500000,10,5,4,1,1,7,0,4,4,385044,0.000000
149659,74827,187986,376000,119051,5529,5529.000000,34,8,6,3,3,8,0,8,6,174031,16.290000
268320,134159,199798,399600,102949,19994,25001.500000,10,4,4,1,1,7,0,4,4,268320,0.000000
197196,98596,170596,341200,76149,7754,7872.000000,22,7,6,2,2,7,0,5,6,219923,11.530000
226005,113002,187999,376000,138906,4476,4476.000000,42,7,10,2,2,7,0,5,10,226005,0.000000
214833,107414,187987,376000,106070,5081,5081.000000,37,7,9,2,2,7,0,5,9,214833,0.000000
241551,120774,187996,376000,142551,10444,10460.000000,18,6,6,2,2,8,0,4,6,241551,0.000000
185135,92564,187974,376000,120298,3241,3241.000000,58,8,10,3,3,8,0,7,10,200012,8.040000
333177,166587,254097,508200,180217,25411,29820.000000,10,4,4,1,1,7,0,4,4,333177,0.000000
220610,110304,187997,376000,98234,13429,13712.000000,14,7,4,1,1,7,0,6,4,220610,0.000000
174996,87497,163194,326400,71984,7418,7488.500000,22,6,6,2,2,7,0,5,6,174996,0.000000
201815,100907,187997,376000,82802,4272,4272.000000,44,8,9,2,2,8,0,6,9,208224,3.180000
221519,110757,187995,376000,131349,3760,3760.000000,50,8,9,3,3,8,0,6,10,231219,4.380000
205650,102824,187996,376000,95155,7230,7230.000000,26,9,5,2,2,8,0,6,6,229154,11.430000
326608,163303,282896,565800,104976,20207,21553.000000,14,6,4,1,1,8,0,6,4,326608,0.000000
341863,170931,282897,565800,213575,15716,15825.500000,18,6,5,2,2,8,0,4,6,341863,0.000000
186682,93340,187996,376000,109842,9400,9575.500000,20,6,5,2,2,7,0,6,5,186682,0.000000
261818,130908,187997,376000,202892,18822,18980.000000,10,4,4,1,1,9,0,4,4,261818,0.000000
300398,150196,282883,565800,210372,6735,6735.000000,42,6,10,2,2,7,0,5,10,300398,0.000000
189610,94802,187988,376000,111649,5081,5082.000000,37,6,8,2,2,8,0,5,9,189610,0.000000
245859,122927,187997,376000,122837,7230,7230.000000,26,6,8,2,2,7,0,4,8,245859,0.000000
186349,93171,187983,376000,151621,4947,4947.000000,38,6,8,2,2,8,0,6,8,186349,0.000000
197722,98857,187975,376000,143144,3241,3241.000000,58,8,10,3,3,9,0,7,10,203028,2.690000
243853,121926,187998,376000,189048,6266,6266.000000,30,6,9,2,2,7,0,4,9,243853,0.000000
231823,115911,187999,376000,140326,15666,16831.500000,12,5,4,1,1,3,999,5,4,269439,16.230000
321218,160607,282893,565800,238745,14145,14154.000000,20,6,5,2,2,7,0,6,5,343752,7.020000
199219,99609,187998,376000,151006,4476,4476.000000,42,6,10,2,2,6,0,5,10,199219,0.000000
346431,173214,282895,565800,285808,20207,20207.000000,14,6,4,1,1,7,0,6,4,346431,0.000000
393147,196572,282897,565800,279857,28300,28806.500000,10,5,4,1,1,9,0,4,4,393147,0.000000
330914,165457,282897,565800,179118,10880,10884.500000,26,7,6,2,2,8,0,6,6,330914,0.000000
135426,67713,187997,376000,109582,4272,4272.000000,44,8,7,3,3,8,0,7,8,170220,25.700000
73787,36893,104396,208800,44397,7457,9153.000000,14,6,4,1,1,8,0,6,4,73787,0.000000
236274,118136,187998,376000,194228,6962,6962.000000,27,8,7,2,2,7,0,5,7,254247,7.610000
80902,40451,104397,208800,52490,5800,5808.000000,18,8,4,2,2,9,0,8,4,80902,0.000000
241275,120636,282888,565800,136223,7645,7646.000000,37,8,7,2,2,7,0,5,9,279212,15.730000
301076,150536,282883,565800,95639,6429,6429.000000,44,7,8,2,2,8,0,6,9,315775,4.890000
240363,120179,187997,376000,113749,6266,6266.000000,30,7,9,2,2,8,0,4,9,240363,0.000000
205899,102949,187998,376000,90096,10444,10545.000000,18,6,6,1,1,7,0,4,6,205899,0.000000
228687,114342,187996,376000,145461,10444,10462.000000,18,6,6,1,1,6,0,4,6,228687,0.000000
166556,83275,187996,376000,105423,7230,7233.500000,26,7,8,2,2,6,0,4,8,196308,17.870000
190057,95028,187998,376000,92096,15666,24805.000000,12,5,4,1,1,6,0,5,4,190057,0.000000
195163,97580,187998,376000,118741,18806,22771.500000,10,5,4,1,1,8,0,4,4,195163,0.000000
202175,101086,187997,376000,115952,15666,19903.000000,12,6,4,1,1,8,0,5,4,202175,0.000000
250555,125276,187997,376000,161561,13428,13803.500000,14,5,5,1,1,8,0,4,5,250555,0.000000
217772,108884,187997,376000,157351,4476,4476.000000,42,7,10,2,2,8,0,5,10,217772,0.000000
182212,91103,187992,376000,84904,8545,8550.000000,22,4,7,1,1,6,0,4,7,182212,0.000000
217292,108644,187991,376000,73671,8545,8629.500000,22,6,6,2,2,6,0,5,6,217292,0.000000
176291,88145,187996,376000,135920,13428,13655.000000,14,6,4,1,1,6,0,6,4,176291,0.000000
237980,118989,187996,376000,83249,11058,11438.000000,17,5,5,1,1,7,0,5,5,237980,0.000000
163286,81642,187998,376000,117197,11058,11074.000000,17,7,5,2,2,8,0,5,5,163286,0.000000
219498,109747,187992,376000,145486,8545,8545.000000,22,6,6,1,1,7,0,4,7,219498,0.000000
327166,163579,282877,565800,130479,5547,5547.000000,51,8,9,3,3,9,0,7,9,335517,2.560000
276090,138043,282895,565800,134951,8320,8321.000000,34,8,6,3,3,8,0,8,6,296258,7.310000
307804,153900,282898,565800,239755,7444,7444.000000,38,7,8,2,2,8,0,6,8,307804,0.000000
215855,107927,187998,376000,110530,7230,7230.000000,26,7,6,2,2,7,0,6,6,215855,0.000000
223710,111854,187997,376000,156595,13428,13430.500000,14,5,5,1,1,6,0,4,5,223710,0.000000
337235,168616,282896,565800,152124,23580,26896.500000,12,5,4,1,1,7,0,5,4,337235,0.000000
154943,77471,187998,376000,111467,9400,9400.000000,20,6,5,2,2,8,0,6,5,154943,0.000000
82470,41234,104397,208800,61205,5220,5238.500000,20,7,5,2,2,6,0,6,5,93850,13.800000
122927,61463,104398,208800,46039,2372,2372.000000,44,7,8,2,2,8,0,6,9,126210,2.680000
186550,93273,187996,376000,127046,13428,14440.500000,14,5,5,1,1,4,999,4,5,220147,18.010000
129726,64862,187996,376000,92823,10444,10473.000000,18,8,4,2,2,8,0,8,4,151840,17.050000
204246,102121,187995,376000,125421,7230,7232.000000,26,6,8,2,2,8,0,4,8,204246,0.000000
177713,88853,187986,376000,71539,5529,5529.000000,34,7,9,2,2,8,0,4,10,177713,0.000000
238089,119043,218198,436400,126145,6818,6818.000000,32,10,5,3,3,4,999,10,5,272840,14.600000
247473,123735,218197,436400,195109,4364,4364.000000,50,8,10,3,3,6,999,6,10,271689,9.790000
229868,114933,187997,376000,81081,7230,7230.500000,26,7,6,2,2,6,999,6,6,246987,7.450000
226703,113348,218182,436400,98520,5195,5195.000000,42,10,6,3,3,3,999,10,6,297016,31.020000
148451,74223,218181,436400,102982,4959,4959.000000,44,8,7,3,3,7,999,7,8,191059,28.710000
231429,115714,284799,569600,91999,17800,19064.500000,16,7,4,2,2,8,0,7,4,231429,0.000000
226669,113333,187995,376000,137003,13429,14950.500000,14,5,5,1,1,7,0,4,5,226669,0.000000
259444,129721,282895,565800,128793,16641,16932.000000,17,7,5,1,1,6,0,5,5,312199,20.340000
277953,138973,282880,565800,129925,6429,6429.000000,44,7,8,3,3,8,0,7,8,277953,0.000000
218566,109282,170598,341200,146868,12186,12246.000000,14,6,4,1,1,8,0,6,4,218566,0.000000
139941,69969,104397,208800,101189,10442,11554.000000,10,5,4,1,1,9,0,4,4,139941,0.000000
114084,57040,104395,208800,90777,7457,7471.500000,14,6,4,1,1,7,0,6,4,114084,0.000000
96251,48125,104399,208800,75371,5220,5220.000000,20,7,5,2,2,7,0,6,5,96251,0.000000
167809,83904,218198,436400,82492,4642,4642.000000,47,9,7,3,3,4,1,9,7,239599,42.790000
194018,97006,187985,376000,139741,5529,5529.500000,34,6,7,2,2,7,0,4,10,194018,0.000000
266876,133438,218198,436400,140266,5742,5742.000000,38,9,6,3,3,3,1,9,6,308073,15.440000
227909,113952,187986,376000,81276,5529,5529.000000,34,5,8,2,2,6,0,4,10,227909,0.000000
228807,114402,187986,376000,146800,5875,5875.000000,32,8,7,2,2,8,0,6,7,228807,0.000000
249873,124935,187997,376000,164819,11058,11182.000000,17,6,5,1,1,3,999,5,5,273481,9.450000
241758,120878,187997,376000,203362,18803,19045.500000,10,5,3,1,1,6,0,4,4,241758,0.000000
230983,115490,193492,387000,196547,8413,8423.000000,23,7,5,2,2,8,0,7,5,230983,0.000000
305519,152755,282872,565800,179283,4877,4877.000000,58,8,10,3,3,8,0,7,10,327025,7.040000
172445,86221,187996,376000,74513,6962,6962.000000,27,6,6,2,2,6,0,5,7,172445,0.000000
241691,120844,187997,376000,184623,6266,6266.000000,30,6,9,2,2,6,0,4,9,241691,0.000000
236870,118433,187992,376000,164357,8545,8546.500000,22,5,6,2,2,8,0,4,7,236870,0.000000
335790,167893,282893,565800,165733,12859,13095.500000,22,5,7,1,1,8,0,4,7,335790,0.000000
134128,67062,104393,208800,104932,4745,4749.000000,22,6,7,2,2,8,0,4,7,134128,0.000000
340864,170431,282898,565800,146883,9430,9430.000000,30,5,8,2,2,7,0,4,9,340864,0.000000
195346,97672,170596,341200,92205,7754,7758.000000,22,5,7,2,2,8,0,4,7,195346,0.000000
91769,45884,104396,208800,38824,3480,3481.500000,30,5,8,2,2,7,0,4,9,91769,0.000000
203455,101727,163198,326400,128993,7418,7418.000000,22,5,7,2,2,8,0,4,7,203455,0.000000
173198,86597,193494,387000,60311,8795,9135.000000,22,5,7,2,2,8,0,4,7,173198,0.000000
166458,83227,170596,341200,38139,5686,5689.000000,30,6,9,2,2,7,0,4,9,166458,0.000000
229406,114702,182997,366000,91631,8318,8318.500000,22,5,7,2,2,8,0,4,7,229406,0.000000
256434,128216,205995,412000,147906,9363,9375.500000,22,6,7,1,1,8,0,4,7,256434,0.000000
383423,191709,291792,583600,231534,13263,13263.000000,22,8,7,2,2,8,0,4,7,383423,0.000000
262052,131023,199792,399600,173771,9081,9081.000000,22,5,7,1,1,8,0,4,7,262052,0.000000
248139,124068,254096,508200,173819,11550,11557.000000,22,5,7,2,2,8,0,4,7,248139,0.000000
152023,76011,147896,295800,69890,6722,6783.500000,22,5,6,1,1,8,0,4,7,152023,0.000000
148396,74195,116092,232200,116339,5277,5277.000000,22,6,7,2,2,8,0,4,7,148396,0.000000
212895,106445,194893,389800,130026,8859,8932.500000,22,6,7,2,2,8,0,4,7,212895,0.000000
346590,173293,289594,579200,220172,13163,13170.500000,22,7,7,2,2,8,0,4,7,346590,0.000000
372624,186310,286397,572800,159390,13018,13043.000000,22,5,7,1,1,8,0,4,7,372624,0.000000
376273,188135,285998,572000,262777,13000,13000.000000,22,5,7,2,2,8,0,4,7,376273,0.000000
291528,145762,254095,508200,227765,11550,11552.000000,22,6,6,2,2,8,0,4,7,291528,0.000000
135576,67787,111196,222400,80597,5054,5063.500000,22,5,7,2,2,8,0,4,7,135576,0.000000
116474,58234,150294,300600,55295,6831,6903.500000,22,6,7,2,2,8,0,4,7,116474,0.000000
111201,55598,133290,266600,80904,6059,6059.000000,22,6,6,2,2,8,0,4,7,111201,0.000000
276970,138482,236692,473400,205465,10759,10767.500000,22,5,7,2,2,8,0,4,7,276970,0.000000
131024,65510,100997,202000,50584,4590,4593.500000,22,5,7,2,2,8,0,4,7,131024,0.000000
259237,129618,187999,376000,199042,18803,19513.000000,10,5,4,1,1,4,0,4,4,259237,0.000000
303021,151510,243199,486400,173250,11054,11054.000000,22,6,6,2,2,8,0,4,7,303021,0.000000
113445,56721,119897,239800,80285,5450,5450.000000,22,6,6,2,2,8,0,4,7,113445,0.000000
111655,55827,110796,221600,60934,5036,5059.500000,22,6,7,2,2,8,0,4,7,111655,0.000000
237445,118722,191294,382600,143479,8695,8832.000000,22,5,7,2,2,8,0,4,7,237445,0.000000
229873,114934,283095,566200,157265,12868,12876.500000,22,5,6,2,2,8,0,4,7,229873,0.000000
184013,92005,147293,294600,125994,6695,6697.500000,22,5,7,1,1,8,0,4,7,184013,0.000000
212294,106146,187997,376000,170600,6266,6266.000000,30,8,5,2,2,8,0,7,6,227271,7.060000
298135,149066,282894,565800,199836,9430,9433.500000,30,7,6,2,2,8,0,7,6,321779,7.940000
113732,56865,104397,208800,94250,3480,3480.000000,30,7,6,2,2,8,0,7,6,113732,0.000000
134387,67193,170598,341200,55530,5686,5686.000000,30,7,6,2,2,8,0,7,6,134387,0.000000
167467,83733,163193,326400,121805,5440,5454.000000,30,8,6,2,2,8,0,7,6,185064,10.510000
139494,69745,193495,387000,65067,6450,6450.000000,30,7,6,2,2,8,0,7,6,139494,0.000000
212101,106050,182998,366000,97753,6100,6100.000000,30,7,5,2,2,8,0,7,6,212101,0.000000
211556,105776,187992,376000,101059,8545,8744.000000,22,6,5,2,2,3,999,5,6,263914,24.750000
241399,120698,282897,565800,194226,15716,15728.000000,18,8,4,2,2,7,0,8,4,287742,19.200000
209192,104594,187992,376000,156439,8173,8211.000000,23,8,5,2,2,3,1,7,5,256524,22.630000
208185,104090,218195,436400,78682,4364,4364.000000,50,10,8,3,3,3,999,8,8,254812,22.400000
234754,117377,187998,376000,118564,7230,7230.000000,26,5,8,2,2,4,999,4,8,257401,9.650000
158018,79008,218196,436400,72298,3762,3762.000000,58,10,8,3,3,4,999,8,9,230875,46.110000
199966,99982,187995,376000,144798,6266,6270.000000,30,7,6,3,3,6,999,7,6,227974,14.010000
254003,127000,218196,436400,197267,4364,4364.000000,50,8,10,3,3,4,999,6,10,291371,14.720000
187444,93721,218196,436400,151171,5742,5742.000000,38,10,6,3,3,7,999,9,6,226173,20.670000
359243,179619,282891,565800,293593,12859,12859.000000,22,10,4,2,2,4,999,10,4,388380,8.120000
247086,123542,187998,376000,190543,10444,10447.000000,18,5,6,1,1,4,0,4,6,269599,9.120000
191524,95755,218181,436400,90277,5195,5195.000000,42,6,10,2,2,3,999,5,10,249120,30.080000
214229,107112,187993,376000,73269,6482,6491.000000,29,9,5,3,3,4,999,9,5,245993,14.830000
212650,106324,187996,376000,187277,11750,11753.000000,16,8,3,1,1,7,0,7,4,235986,10.980000
260106,130052,218198,436400,84585,4278,4278.000000,51,8,9,3,3,3,999,7,9,303159,16.560000
243989,121993,186995,374000,172346,8500,8520.500000,22,5,7,2,2,8,0,4,7,243989,0.000000
276590,138294,187998,376000,195942,18804,19474.500000,10,6,4,1,1,3,999,4,4,295326,6.780000
379843,189921,282898,565800,228893,28291,28569.000000,10,5,4,1,1,4,0,4,4,419222,10.370000
228089,114042,187991,376000,171818,8545,8545.000000,22,5,7,1,1,4,999,4,7,260704,14.300000
144591,72295,104398,208800,107400,10441,10459.500000,10,4,4,1,1,4,0,4,4,144591,0.000000
193154,96576,170598,341200,79283,17105,23444.500000,10,4,4,1,1,4,0,4,4,207022,7.180000
206339,103169,218197,436400,121772,3762,3762.000000,58,8,10,3,3,3,999,7,10,271740,31.700000
369925,184961,295996,592000,157641,13454,13458.000000,22,6,7,2,2,8,0,4,7,369925,0.000000
177320,88657,139992,280000,80647,6363,6398.000000,22,6,7,1,1,8,0,4,7,177320,0.000000
178428,89213,135698,271400,141337,6168,6168.000000,22,5,7,2,2,8,0,4,7,178428,0.000000
188314,94156,149399,298800,154307,6790,6790.000000,22,6,6,2,2,8,0,4,7,188314,0.000000
183073,91536,144598,289200,106140,6572,6575.500000,22,7,6,1,1,8,0,4,7,183073,0.000000
181030,90513,157492,315000,119502,7159,7159.000000,22,6,7,2,2,8,0,4,7,181030,0.000000
206361,103179,164592,329200,143207,7481,7481.500000,22,6,7,2,2,8,0,4,7,206361,0.000000
174960,87478,134891,269800,70656,6131,6131.000000,22,5,7,1,1,8,0,4,7,174960,0.000000
281613,140805,291092,582200,200419,13231,13231.500000,22,5,6,2,2,8,0,4,7,281613,0.000000
270527,135262,240395,480800,143408,10927,11160.000000,22,6,7,1,1,8,0,4,7,270527,0.000000
114311,57154,112197,224400,80492,5100,5125.500000,22,6,7,2,2,8,0,4,7,114311,0.000000
371831,185914,284792,569600,173586,12945,12945.000000,22,5,7,1,1,8,0,4,7,371831,0.000000
226965,113480,182093,364200,114737,8277,8291.500000,22,5,7,2,2,8,0,4,7,226965,0.000000
103162,51578,120891,241800,46783,5495,5495.000000,22,5,7,2,2,8,0,4,7,103162,0.000000
225862,112929,196196,392400,157019,8918,9318.000000,22,6,7,1,1,8,0,4,7,225862,0.000000
182496,91246,186593,373200,108838,8481,8482.500000,22,5,7,2,2,8,0,4,7,182496,0.000000
211862,105931,164799,329600,166922,7490,7490.000000,22,6,7,2,2,8,0,4,7,211862,0.000000
146133,73066,123092,246200,110150,5595,5608.000000,22,6,7,2,2,8,0,4,7,146133,0.000000
116389,58193,143995,288000,44057,6545,6832.500000,22,5,6,2,2,8,0,4,7,116389,0.000000
145716,72857,114499,229000,62159,5204,5204.000000,22,6,6,2,2,8,0,4,7,145716,0.000000
234141,117068,193892,387800,102723,8813,8813.500000,22,5,7,2,2,8,0,4,7,234141,0.000000
129440,64719,102797,205600,83971,4672,4672.500000,22,5,6,2,2,8,0,4,7,129440,0.000000
230577,115286,180292,360600,172133,8195,8208.500000,22,5,7,2,2,8,0,4,7,230577,0.000000
271624,135810,268395,536800,112198,12200,12653.000000,22,4,7,2,2,8,0,4,7,271624,0.000000
215039,107519,180497,361000,90934,8204,8204.500000,22,6,7,2,2,8,0,4,7,215039,0.000000
202777,101388,210598,421200,110740,9572,9572.000000,22,5,7,1,1,8,0,4,7,202777,0.000000
205783,102889,179295,358600,122147,8150,8178.500000,22,6,7,1,1,8,0,4,7,205783,0.000000
307809,153903,235593,471200,216505,10709,10750.500000,22,5,7,2,2,8,0,4,7,307809,0.000000
140260,70129,210895,421800,88482,9586,10082.000000,22,5,6,2,2,8,0,4,7,140260,0.000000
348922,174460,282895,565800,294638,17681,17697.500000,16,7,4,2,2,7,0,7,4,348922,0.000000
123999,61999,104397,208800,51412,6525,6878.000000,16,7,4,2,2,7,0,7,4,123999,0.000000
185629,92813,170597,341200,107827,10662,10760.500000,16,8,4,2,2,7,0,7,4,195667,5.410000
156011,78004,163194,326400,81146,10200,12435.000000,16,7,4,2,2,7,0,7,4,156011,0.000000
167070,83534,193497,387000,90598,12093,12517.500000,16,7,4,2,2,7,0,7,4,167070,0.000000
225949,112973,182994,366000,191631,11437,11440.500000,16,7,4,2,2,7,0,7,4,239415,5.960000
266336,133167,282898,565800,191359,23575,25701.000000,12,6,4,1,1,6,0,5,4,266336,0.000000
138134,69067,104398,208800,111810,8700,8710.500000,12,5,4,1,1,6,0,5,4,138134,0.000000
119528,59762,170596,341200,67064,14216,16648.500000,12,5,4,1,1,6,0,5,4,119528,0.000000
213788,106892,163196,326400,158449,13600,13807.500000,12,5,4,1,1,6,0,5,4,213788,0.000000
216608,108303,187998,376000,129841,13428,13779.500000,14,6,5,1,1,3,999,4,5,258467,19.330000
262049,131022,218182,436400,211153,4959,4959.000000,44,8,9,2,2,7,999,6,9,284282,8.490000
251996,125993,218172,436400,148948,3519,3519.000000,62,10,8,4,4,4,999,10,8,287542,14.110000
193044,96517,218182,436400,111736,4959,4959.000000,44,8,8,3,3,3,999,6,9,259619,34.490000
184898,92448,187997,376000,153523,9400,9401.000000,20,9,4,2,2,4,999,9,4,218028,17.920000
215774,107883,218182,436400,107623,4959,4961.500000,44,9,9,2,2,4,999,6,9,267145,23.810000
141523,70757,187984,376000,88521,5081,5081.000000,37,10,6,2,2,3,999,7,7,206321,45.790000
161171,80585,163198,326400,86572,16320,16658.000000,10,5,4,1,1,4,0,4,4,181845,12.830000
173614,86806,193496,387000,134185,7442,7450.500000,26,9,5,2,2,8,0,8,5,199358,14.830000
193859,96929,187998,376000,101218,11750,11757.500000,16,7,4,1,1,3,1,7,4,214579,10.690000
206931,103463,187996,376000,137208,6962,6963.000000,27,6,7,2,2,3,999,5,7,253792,22.650000
282198,141098,218197,436400,197182,4642,4642.000000,47,9,7,3,3,3,999,9,7,308790,9.430000
193499,96748,187996,376000,133654,7230,7233.500000,26,9,5,2,2,3,1,8,5,236838,22.400000
215797,107898,218197,436400,171272,6818,6818.000000,32,8,6,2,2,6,999,6,7,249081,15.430000
201931,100965,187997,376000,164441,11750,11844.500000,16,7,4,2,2,6,0,7,4,228984,13.400000
129796,64897,187995,376000,89331,9400,9652.500000,20,9,4,2,2,7,999,9,4,157719,21.520000
236966,118482,187997,376000,150937,13428,13721.000000,14,7,4,1,1,4,999,6,4,264914,11.800000
164369,82183,130092,260200,75791,5913,5913.500000,22,6,7,1,1,8,0,4,7,164369,0.000000
148316,74155,218184,436400,109386,5195,5195.000000,42,11,6,3,3,7,999,10,6,178652,20.460000
214073,107034,187992,376000,130506,8545,8547.000000,22,5,7,2,2,3,999,4,7,265201,23.890000
214309,107154,187997,376000,91491,15668,16852.500000,12,5,4,1,1,4,999,5,4,241874,12.870000
183591,91794,170590,341200,140724,6561,6561.000000,26,8,5,2,2,9,0,8,5,197037,7.330000
214422,107209,205996,412000,91685,6866,6866.000000,30,8,6,2,2,8,0,7,6,234743,9.480000
321255,160626,291794,583600,201319,9726,9727.500000,30,7,6,2,2,8,0,7,6,321255,0.000000
237296,118647,199797,399600,198059,6660,6660.000000,30,8,6,3,3,8,0,7,6,247081,4.130000
299301,149650,254098,508200,190532,8470,8470.000000,30,7,6,2,2,8,0,7,6,299301,0.000000
77109,38552,104391,208800,53281,4015,4122.500000,26,8,6,2,2,8,0,6,6,89507,16.080000
174603,87300,170590,341200,124742,6561,6624.000000,26,6,6,2,2,8,0,6,6,174603,0.000000
170308,85153,147897,295800,119452,4930,4930.000000,30,8,6,2,2,8,0,7,6,170308,0.000000
192887,96442,163195,326400,70386,6276,6277.000000,26,7,6,2,2,8,0,6,6,192887,0.000000
210867,105432,193496,387000,103735,7442,7442.500000,26,6,6,2,2,8,0,6,6,210867,0.000000
206266,103132,182995,366000,148164,7038,7039.000000,26,7,6,2,2,8,0,6,6,206266,0.000000
224889,112442,205989,412000,165214,7923,7923.000000,26,8,6,2,2,8,0,6,6,224889,0.000000
285707,142851,282877,565800,78138,4877,4877.000000,58,8,10,3,3,9,0,7,10,294468,3.070000
348320,174158,291789,583600,221829,11223,11223.000000,26,7,6,2,2,8,0,6,6,348320,0.000000
239877,119937,199796,399600,175919,7684,7698.500000,26,7,6,2,2,8,0,6,6,239877,0.000000
282223,141110,254092,508200,208192,9773,9774.500000,26,6,6,2,2,8,0,6,6,282223,0.000000
147316,73657,170595,341200,75420,9477,10349.500000,18,8,4,2,2,9,0,8,4,147316,0.000000
166809,83404,163197,326400,139611,9066,9066.000000,18,8,4,2,2,9,0,8,4,166809,0.000000
138281,69140,147897,295800,66476,5688,5708.000000,26,6,6,2,2,8,0,6,6,138281,0.000000
210785,105392,282896,565800,152590,9430,9431.500000,30,7,7,2,2,6,0,4,9,220440,4.590000
202481,101240,182998,366000,114206,7956,7956.000000,23,8,5,2,2,8,0,7,5,215781,6.570000
298337,149167,282896,565800,152405,9430,9430.000000,30,5,8,2,2,8,0,4,9,298337,0.000000
357471,178734,282897,565800,270291,28291,29316.500000,10,5,4,1,1,6,0,4,4,357471,0.000000
141010,70501,170574,341200,72903,2941,2941.000000,58,9,9,3,3,9,0,8,9,151032,7.110000
368618,184307,282897,565800,187020,10880,10880.500000,26,6,8,2,2,6,0,4,8,368618,0.000000
221207,110601,282891,565800,107308,10477,10491.000000,27,6,7,2,2,7,0,5,7,221207,0.000000
134803,67401,104398,208800,104706,3480,3480.000000,30,6,9,2,2,6,0,4,9,137227,1.800000
196144,98071,205996,412000,145748,8956,8957.000000,23,7,5,2,2,8,0,7,5,196144,0.000000
246513,123255,193495,387000,171923,16125,16125.000000,12,6,4,1,1,6,0,5,4,246513,0.000000
212593,106296,187999,376000,116645,9400,9400.000000,20,9,4,2,2,6,999,9,4,231830,9.050000
229993,114994,218186,436400,127401,6417,6420.000000,34,9,6,2,2,7,999,8,6,268514,16.750000
199816,97959,218196,436400,82698,3896,3896.000000,56,9,8,3,3,4,999,9,8,233553,16.890000
308700,154347,282891,565800,188642,12859,12861.500000,22,6,7,2,2,7,0,4,7,308700,0.000000
238801,119400,282895,565800,166344,8840,8850.000000,32,9,7,2,2,8,0,6,7,266187,11.470000
143094,71546,187996,376000,76111,11058,13140.000000,17,6,5,2,2,4,999,5,5,189691,32.570000
253424,126711,291794,583600,115264,12686,12820.000000,23,7,5,2,2,8,0,7,5,253424,0.000000
236751,118374,199797,399600,185227,8686,8686.000000,23,8,5,2,2,8,0,7,5,236751,0.000000
309309,154653,254091,508200,265022,11047,11047.000000,23,7,5,2,2,8,0,7,5,309309,0.000000
125607,62802,104395,208800,85233,3262,3262.000000,32,7,7,2,2,8,0,6,7,125607,0.000000
133515,66757,147897,295800,76268,6430,6430.000000,23,7,5,2,2,8,0,7,5,133515,0.000000
133023,66510,116090,232200,97085,5047,5047.000000,23,8,5,2,2,8,0,7,5,133023,0.000000
166433,83214,170587,341200,138281,5331,5331.000000,32,7,6,2,2,8,0,6,7,166433,0.000000
192701,96349,163196,326400,150649,5100,5101.000000,32,7,7,2,2,8,0,6,7,192701,0.000000
194211,97104,193496,387000,127648,6046,6046.500000,32,7,7,2,2,8,0,6,7,208420,7.320000
163772,81886,182997,366000,73790,5718,5718.000000,32,7,6,2,2,8,0,6,7,163772,0.000000
152982,76488,163176,326400,95845,2813,2813.000000,58,8,9,3,3,9,0,8,9,167130,9.250000
198114,99055,205987,412000,158890,6437,6437.000000,32,8,7,2,2,8,0,6,7,216877,9.480000
355474,177735,291796,583600,257817,9118,9118.000000,32,8,7,2,2,8,0,6,7,367439,3.370000
228940,114468,199787,399600,125602,6243,6243.000000,32,7,7,2,2,8,0,6,7,228940,0.000000
77342,38670,104398,208800,52191,1800,1800.000000,58,9,8,3,3,8,0,7,10,103215,33.460000
175464,87731,193497,387000,135052,10750,10777.000000,18,8,4,1,1,9,0,8,4,175464,0.000000
122823,61408,104376,208800,58830,2047,2047.000000,51,8,9,3,3,9,0,7,9,122823,0.000000
118432,59214,104397,208800,85676,3866,3866.000000,27,6,7,2,2,7,0,5,7,118432,0.000000
83497,41748,104398,208800,45619,1800,1800.000000,58,7,10,3,3,9,0,7,10,83497,0.000000
213167,106582,187997,376000,141390,7230,7230.000000,26,6,8,2,2,3,999,4,8,262625,23.210000
245464,122731,218197,436400,179976,3762,3762.000000,58,8,9,3,3,3,999,8,9,288038,17.350000
233981,116990,187999,376000,186915,9400,9400.000000,20,9,4,2,2,3,999,9,4,259387,10.860000
329600,164798,282895,565800,190907,8320,8320.000000,34,6,10,2,2,6,0,4,10,346735,5.200000
98242,49120,104397,208800,66143,10441,11174.000000,10,4,4,1,1,6,0,4,4,98242,0.000000
198987,99492,170597,341200,145414,17063,17460.000000,10,4,4,1,1,6,0,4,4,198987,0.000000
191833,95915,163197,326400,80706,16868,23619.000000,10,4,4,1,1,6,0,4,4,191833,0.000000
184817,92407,193496,387000,113925,19359,25003.000000,10,4,4,1,1,6,0,4,4,184817,0.000000
185100,92549,182997,366000,83451,18353,23858.500000,10,5,4,1,1,6,0,4,4,185100,0.000000
267099,133548,205997,412000,149521,20692,22460.000000,10,5,4,1,1,6,0,4,4,267099,0.000000
366560,183279,291797,583600,214695,29193,34089.000000,10,5,4,1,1,6,0,4,4,366560,0.000000
250134,125066,199798,399600,160211,19986,20690.000000,10,5,4,1,1,6,0,4,4,250134,0.000000
262665,131332,254098,508200,176089,25420,30448.000000,10,4,4,1,1,6,0,4,4,262665,0.000000
134747,67373,147898,295800,49615,14836,30152.500000,10,5,4,1,1,6,0,4,4,134747,0.000000
126898,63448,116097,232200,85580,11610,13204.000000,10,4,4,1,1,6,0,4,4,126898,0.000000
261722,130859,194896,389800,188505,19497,20327.000000,10,5,4,1,1,6,0,4,4,261722,0.000000
264629,132314,289598,579200,172721,28960,31618.000000,10,5,4,1,1,6,0,4,4,264629,0.000000
391735,195866,286398,572800,235689,28640,30637.000000,10,5,4,1,1,6,0,4,4,391735,0.000000
223252,111625,285997,572000,122797,29222,35616.500000,10,5,4,1,1,6,0,4,4,223252,0.000000
261675,130837,254098,508200,185108,25419,25590.500000,10,4,4,1,1,6,0,4,4,261675,0.000000
125501,62749,111198,222400,65671,11120,15170.000000,10,5,4,1,1,6,0,4,4,125501,0.000000
139138,69569,150297,300600,49224,16927,26096.000000,10,4,4,1,1,6,0,4,4,139138,0.000000
184208,92103,133297,266600,144123,13333,13364.000000,10,5,4,1,1,6,0,4,4,184208,0.000000
257307,128652,236698,473400,167582,23670,32174.500000,10,4,4,1,1,6,0,4,4,257307,0.000000
112573,56286,100998,202000,58820,10100,13950.500000,10,4,4,1,1,6,0,4,4,112573,0.000000
229255,114626,243196,486400,118225,24401,28137.000000,10,5,4,1,1,6,0,4,4,229255,0.000000
157460,78729,119896,239800,106785,11995,12504.000000,10,5,4,1,1,6,0,4,4,157460,0.000000
151581,75790,110798,221600,76954,11083,11712.500000,10,4,4,1,1,6,0,4,4,151581,0.000000
167606,83802,191297,382600,75095,19130,25931.500000,10,4,4,1,1,6,0,4,4,167606,0.000000
250259,125129,283098,566200,165286,28310,28395.000000,10,5,4,1,1,6,0,4,4,250259,0.000000
147361,73680,147298,294600,100880,14731,15499.500000,10,4,4,1,1,6,0,4,4,147361,0.000000
246707,123352,186997,374000,179904,18701,19056.500000,10,4,4,1,1,6,0,4,4,246707,0.000000
331308,165653,295996,592000,195400,29600,30634.000000,10,4,4,1,1,6,0,4,4,331308,0.000000
187125,93561,139997,280000,114601,14028,15486.000000,10,4,4,1,1,6,0,4,4,187125,0.000000
136833,68416,135697,271400,55528,13570,17972.000000,10,5,4,1,1,6,0,4,4,136833,0.000000
172275,86136,149397,298800,66033,15639,24189.500000,10,5,4,1,1,6,0,4,4,172275,0.000000
190241,95119,144597,289200,135601,14460,15548.000000,10,4,4,1,1,6,0,4,4,190241,0.000000
159951,79974,157497,315000,128045,15779,16056.500000,10,5,3,1,1,6,0,4,4,159951,0.000000
207032,103513,193493,387000,176731,3336,3336.000000,58,8,9,3,3,9,0,8,9,220496,6.510000
265911,132955,218198,436400,178567,3306,3306.000000,66,8,10,3,3,3,999,8,10,303834,14.270000
214799,107397,187987,376000,86463,5875,5875.000000,32,7,7,2,2,3,999,6,7,253967,18.240000
183964,91979,218194,436400,105276,3762,3762.000000,58,8,10,3,3,4,999,7,10,239577,30.240000
246624,123311,282898,565800,146858,15716,15722.000000,18,4,6,1,1,4,0,4,6,322489,30.770000
214178,107088,187995,376000,182440,10444,10448.000000,18,8,4,2,2,4,999,8,4,252025,17.680000
201162,100580,187997,376000,110355,10444,10444.000000,18,8,4,2,2,3,1,8,4,254406,26.470000
159136,79567,218193,436400,121589,6818,6822.000000,32,10,5,3,3,8,999,10,5,203367,27.800000
206773,103385,218196,436400,179181,6818,6818.000000,32,10,5,3,3,9,999,10,5,228987,10.750000
179222,89609,187992,376000,79032,8173,8175.000000,23,7,5,2,2,4,999,7,5,226376,26.320000
249172,124584,218182,436400,211807,5195,5195.000000,42,11,6,3,3,9,999,10,6,268603,7.800000
162785,81392,164599,329200,69512,16464,17671.500000,10,4,4,1,1,6,0,4,4,162785,0.000000
342211,171104,282895,565800,272190,16641,16720.000000,17,6,5,2,2,3,999,5,5,405647,18.540000
324222,162109,282894,565800,219302,12859,12978.000000,22,5,5,2,2,6,0,4,7,324222,0.000000
104933,52464,104392,208800,51717,4745,4753.500000,22,5,6,2,2,6,0,4,7,104933,0.000000
207806,103903,170597,341200,135456,7754,7767.500000,22,6,5,2,2,6,0,4,7,207806,0.000000
285878,142938,282897,565800,147914,20208,20285.500000,14,5,5,1,1,8,0,4,5,285878,0.000000
119049,59524,104397,208800,95631,7457,7643.500000,14,5,4,1,1,8,0,4,5,119049,0.000000
219843,109921,170596,341200,146044,12185,12745.500000,14,5,5,1,1,8,0,4,5,219843,0.000000
220339,110168,163195,326400,172603,11657,11694.000000,14,5,5,2,2,8,0,4,5,220339,0.000000
194502,97249,193495,387000,79799,13821,13927.500000,14,5,5,1,1,8,0,4,5,194502,0.000000
231691,115844,182996,366000,155487,13077,13292.000000,14,6,4,1,1,8,0,4,5,231691,0.000000
218488,109243,205998,412000,147549,14714,14894.000000,14,5,5,1,1,8,0,4,5,218488,0.000000
393258,196628,291796,583600,301676,20852,20969.000000,14,4,5,1,1,8,0,4,5,393258,0.000000
189527,94762,199795,399600,71773,14271,14783.000000,14,5,4,1,1,8,0,4,5,189527,0.000000
269155,134577,254097,508200,183406,18150,18164.000000,14,5,5,1,1,8,0,4,5,269155,0.000000
193320,96659,147896,295800,145031,10564,10645.000000,14,6,5,1,1,8,0,4,5,193320,0.000000
124150,62074,116097,232200,90650,8292,8363.000000,14,5,5,1,1,8,0,4,5,124150,0.000000
185790,92894,194897,389800,100282,13921,15084.500000,14,5,5,1,1,8,0,4,5,185790,0.000000
281139,140568,289595,579200,204075,20685,20702.000000,14,7,4,1,1,8,0,4,5,281139,0.000000
272736,136367,286397,572800,189202,20457,21062.000000,14,6,5,1,1,8,0,4,5,272736,0.000000
317770,158884,285998,572000,133251,20428,20441.000000,14,4,5,1,1,8,0,4,5,317770,0.000000
306625,153311,254096,508200,227507,18150,19149.500000,14,5,5,1,1,8,0,4,5,306625,0.000000
139410,69703,111196,222400,84487,7942,7981.500000,14,5,5,1,1,8,0,4,5,139410,0.000000
202377,101187,150296,300600,122280,10735,10744.000000,14,4,5,1,1,8,0,4,5,202377,0.000000
144591,72293,133294,266600,106327,9521,9521.500000,14,5,5,1,1,8,0,4,5,144591,0.000000
210693,105346,236697,473400,87732,16914,20209.500000,14,4,5,1,1,8,0,4,5,210693,0.000000
96481,48240,100999,202000,66398,7214,7241.000000,14,5,5,1,1,8,0,4,5,96481,0.000000
315974,157986,243197,486400,192717,17374,18123.500000,14,6,5,1,1,8,0,4,5,315974,0.000000
107761,53880,119898,239800,72514,8564,8594.000000,14,5,5,1,1,8,0,4,5,107761,0.000000
97146,48571,110796,221600,55211,7915,8046.500000,14,5,5,1,1,8,0,4,5,97146,0.000000
243809,121904,191297,382600,191052,13664,13895.000000,14,7,4,1,1,8,0,4,5,243809,0.000000
254649,127323,283096,566200,141774,20221,21487.000000,14,5,4,1,1,8,0,4,5,254649,0.000000
168083,84040,147297,294600,90132,10521,10687.000000,14,6,5,1,1,8,0,4,5,168083,0.000000
199130,99564,186997,374000,93996,13357,14379.500000,14,6,5,1,1,8,0,4,5,199130,0.000000
331267,165632,295996,592000,265485,21142,22401.500000,14,5,4,1,1,8,0,4,5,331267,0.000000
111825,55912,139997,280000,51617,10000,13674.000000,14,5,5,1,1,8,0,4,5,111825,0.000000
112957,56478,135696,271400,70252,9694,10266.500000,14,4,5,1,1,8,0,4,5,112957,0.000000
202167,101082,149395,298800,98719,10671,10671.500000,14,5,5,1,1,8,0,4,5,202167,0.000000
190319,95158,144597,289200,82441,10328,10355.500000,14,4,5,1,1,8,0,4,5,190319,0.000000
198896,99447,157498,315000,114399,11250,11283.500000,14,6,5,1,1,8,0,4,5,198896,0.000000
216258,108127,164595,329200,143213,11757,11783.000000,14,6,5,1,1,8,0,4,5,216258,0.000000
120963,60481,134897,269800,79848,9635,9729.500000,14,5,5,1,1,8,0,4,5,120963,0.000000
246325,123161,291096,582200,121814,20794,27959.500000,14,6,5,1,1,8,0,4,5,246325,0.000000
276040,138018,240396,480800,153599,17171,17561.500000,14,5,5,1,1,8,0,4,5,276040,0.000000
151092,75544,112196,224400,88403,8019,8148.500000,14,6,5,1,1,8,0,4,5,151092,0.000000
236870,118435,284798,569600,163852,20342,21522.500000,14,6,5,1,1,8,0,4,5,236870,0.000000
220485,110241,182097,364200,133937,13008,13551.500000,14,6,4,1,1,8,0,4,5,220485,0.000000
105113,52555,120896,241800,61168,8635,9418.500000,14,5,5,1,1,8,0,4,5,105113,0.000000
256479,128238,196197,392400,185933,14014,14079.000000,14,5,5,1,1,8,0,4,5,256479,0.000000
209176,104586,186597,373200,165463,13328,13859.500000,14,5,4,1,1,8,0,4,5,209176,0.000000
182051,91024,164797,329600,101387,11771,11833.500000,14,6,5,1,1,8,0,4,5,182051,0.000000
145702,72850,123096,246200,95647,8829,10029.000000,14,5,5,1,1,8,0,4,5,145702,0.000000
141855,70927,143998,288000,86140,10285,10292.500000,14,6,5,1,1,8,0,4,5,141855,0.000000
147886,73942,114497,229000,40777,8188,9729.500000,14,5,5,1,1,8,0,4,5,147886,0.000000
250163,125081,193897,387800,171296,13850,14276.000000,14,5,5,1,1,8,0,4,5,250163,0.000000
89413,44706,102798,205600,46602,7342,7525.000000,14,5,5,1,1,8,0,4,5,89413,0.000000
231756,115877,180298,360600,155717,12878,12879.500000,14,5,4,1,1,8,0,4,5,231756,0.000000
361554,180775,268394,536800,162710,19171,19233.000000,14,5,5,1,1,8,0,4,5,361554,0.000000
148044,74020,180496,361000,99235,12897,13795.000000,14,5,5,1,1,8,0,4,5,148044,0.000000
284564,142280,210597,421200,129471,15042,15069.500000,14,4,5,1,1,8,0,4,5,284564,0.000000
175558,87779,179296,358600,76476,12808,13280.000000,14,5,4,1,1,8,0,4,5,175558,0.000000
274719,137358,235596,471200,172967,16828,17148.500000,14,7,4,1,1,8,0,4,5,274719,0.000000
257551,128774,210897,421800,179142,15072,15833.500000,14,5,5,1,1,8,0,4,5,257551,0.000000
109934,54965,130095,260200,72675,9292,9333.000000,14,6,5,1,1,8,0,4,5,109934,0.000000
375904,187951,282896,565800,285478,23575,23796.000000,12,5,4,2,2,8,0,5,4,375904,0.000000
108563,54280,104397,208800,72060,8701,8954.000000,12,5,4,2,2,8,0,5,4,108563,0.000000
194769,97384,170598,341200,129490,14255,15293.000000,12,5,4,1,1,8,0,5,4,194769,0.000000
202421,101209,163197,326400,133376,13603,15370.500000,12,5,4,1,1,8,0,5,4,202421,0.000000
239928,119963,193497,387000,178878,16134,16834.500000,12,5,4,1,1,8,0,5,4,239928,0.000000
214336,107167,182997,366000,167896,15277,15604.500000,12,5,4,1,1,8,0,5,4,214336,0.000000
269670,134834,205997,412000,218045,17166,17186.000000,12,6,4,1,1,8,0,5,4,269670,0.000000
370556,185277,291796,583600,240300,24328,26597.500000,12,5,4,1,1,8,0,5,4,370556,0.000000
210227,105113,199798,399600,90786,16650,19595.500000,12,5,4,1,1,8,0,5,4,210227,0.000000
231263,115630,254096,508200,160233,21175,21800.500000,12,5,4,1,1,8,0,5,4,231263,0.000000
185555,92776,147897,295800,94537,12326,12357.000000,12,5,4,2,2,8,0,5,4,185555,0.000000
140563,70281,116097,232200,80530,9675,9878.000000,12,5,4,1,1,8,0,5,4,140563,0.000000
215088,107543,194895,389800,182599,16241,16241.500000,12,6,3,1,1,8,0,5,4,215088,0.000000
102444,51219,104384,208800,57197,2821,2821.000000,37,6,8,2,2,7,0,5,9,102444,0.000000
285054,142526,289596,579200,201005,24133,24501.000000,12,6,4,1,1,8,0,5,4,285054,0.000000
366423,183210,286396,572800,146812,23896,24958.000000,12,5,4,1,1,8,0,5,4,366423,0.000000
208961,104480,170597,341200,106004,4610,4610.000000,37,6,9,2,2,7,0,5,9,208961,0.000000
365498,182748,282897,565800,269072,8320,8320.000000,34,6,10,2,2,7,0,4,10,365498,0.000000
130010,65004,104397,208800,93181,3070,3070.000000,34,5,10,2,2,7,0,4,10,130010,0.000000
199308,99651,170586,341200,141308,5017,5017.000000,34,6,8,2,2,7,0,4,10,212763,6.760000
198450,99225,163199,326400,127316,4800,4800.000000,34,6,10,2,2,7,0,4,10,198450,0.000000
160587,80291,218182,436400,134590,5195,5195.000000,42,8,6,3,3,7,999,8,7,208896,30.090000
242795,121394,193486,387000,155703,5691,5691.000000,34,6,10,2,2,7,0,4,10,242795,0.000000
213213,106606,182996,366000,104644,5382,5382.500000,34,6,10,2,2,7,0,4,10,213213,0.000000
254593,127295,205997,412000,203467,6058,6058.000000,34,6,9,2,2,7,0,4,10,254593,0.000000
229601,114799,218194,436400,143767,4364,4364.000000,50,8,8,3,3,6,999,8,8,260432,13.430000
276307,138151,282883,565800,198328,6735,6735.000000,42,6,10,2,2,8,0,5,10,276307,0.000000
119663,59828,104385,208800,88962,2485,2485.000000,42,7,10,2,2,8,0,5,10,119663,0.000000
206058,103025,170580,341200,140399,4061,4061.000000,42,7,10,2,2,8,0,5,10,206058,0.000000
192261,96126,163180,326400,82104,3885,3885.000000,42,6,10,2,2,8,0,5,10,192261,0.000000
230347,115171,218196,436400,150855,3896,3896.000000,56,9,8,3,3,3,999,9,8,279809,21.480000
271513,135756,285997,572000,182502,23835,24015.500000,12,5,4,1,1,8,0,5,4,271513,0.000000
360519,180257,282892,565800,212095,12859,12903.500000,22,6,6,2,2,3,999,5,6,424604,17.780000
243718,121858,187996,376000,115665,6266,6266.000000,30,8,6,2,2,3,999,7,6,273090,12.060000
254284,127141,205996,412000,203560,12875,12889.500000,16,7,4,1,1,7,0,7,4,274976,8.140000
351469,175732,282894,565800,245023,12859,12883.500000,22,6,6,2,2,4,999,4,7,388195,10.450000
280951,140475,282897,565800,185436,12300,12300.000000,23,7,5,2,2,3,1,7,5,335377,19.380000
389690,194843,282895,565800,163377,28417,30068.000000,10,4,4,1,1,8,0,4,4,389690,0.000000
135275,67637,119897,239800,100920,8564,8634.500000,14,6,5,1,1,8,0,4,5,135275,0.000000
92090,46044,104398,208800,48101,10440,14379.500000,10,5,4,1,1,8,0,4,4,92090,0.000000
207686,103842,163198,326400,124121,5440,5440.000000,30,8,9,2,2,7,0,4,9,218942,5.420000
237601,118799,193497,387000,88499,6450,6450.000000,30,5,9,2,2,7,0,4,9,237601,0.000000
114966,57482,104395,208800,49004,6141,6151.000000,17,7,5,1,1,6,0,5,5,114966,0.000000
260994,130497,218197,436400,176676,3306,3306.000000,66,9,10,3,3,6,999,8,10,280890,7.630000
366879,183439,282898,565800,269861,15716,15716.000000,18,5,6,1,1,7,0,4,6,366879,0.000000
241746,120870,282890,565800,138307,12859,12859.000000,22,5,6,2,2,6,0,5,6,246335,1.900000
354483,177239,283995,568000,219497,20285,20409.500000,14,5,5,1,1,8,0,4,5,354483,0.000000
178164,89081,187998,376000,130408,4272,4272.000000,44,7,8,3,3,7,0,7,8,191106,7.270000
76048,38023,104396,208800,60631,3070,3070.000000,34,9,6,2,2,8,0,8,6,88037,15.770000
126364,63179,104382,208800,106240,2747,2747.000000,38,7,8,2,2,8,0,6,8,126364,0.000000
369870,184933,282896,565800,269263,20207,20761.500000,14,5,5,1,1,7,0,4,5,369870,0.000000
196874,98436,182095,364200,153714,11381,12449.000000,16,8,4,1,1,8,0,7,4,214944,9.180000
363562,181780,282896,565800,291940,16641,16644.000000,17,6,5,1,1,8,0,5,5,363562,0.000000
303966,151981,282895,565800,141465,16641,17189.000000,17,6,5,2,2,7,0,5,5,303966,0.000000
251937,125968,282897,565800,160424,20207,23042.500000,14,6,4,2,2,6,0,6,4,295372,17.250000
231663,115830,170598,341200,173479,17060,18108.000000,10,5,4,1,1,8,0,4,4,231663,0.000000
253140,126567,218183,436400,168224,5195,5195.000000,42,10,6,3,3,6,999,10,6,276759,9.340000
206396,103197,170597,341200,149454,17092,19264.500000,10,4,4,1,1,9,0,4,4,206396,0.000000
128730,64363,170597,341200,87925,12188,13458.000000,14,6,4,1,1,7,0,6,4,128730,0.000000
352324,176161,282895,565800,198766,15716,16401.000000,18,5,6,2,2,6,0,4,6,352324,0.000000
137748,68873,170597,341200,50428,8530,8807.500000,20,7,5,2,2,7,0,6,5,157205,14.130000
166637,83317,163196,326400,84421,11657,11712.000000,14,6,4,1,1,8,0,6,4,166637,0.000000
275225,137611,282897,565800,160453,23660,25666.000000,12,5,4,1,1,3,999,5,4,338885,23.140000
326522,163260,282898,565800,265482,15716,15717.500000,18,8,4,2,2,8,0,8,4,352503,7.960000
89666,44832,104395,208800,71817,5800,5826.500000,18,8,4,2,2,8,0,8,4,103833,15.800000
182423,91211,170596,341200,147094,9477,10037.000000,18,8,4,2,2,8,0,8,4,182423,0.000000
245651,122824,282895,565800,74972,8320,8320.000000,34,7,9,2,2,8,0,4,10,245651,0.000000
142946,71472,163197,326400,100383,9066,9067.500000,18,9,4,1,1,8,0,8,4,164690,15.220000
368099,184047,282896,565800,203579,10880,10880.000000,26,5,8,2,2,8,0,4,8,368099,0.000000
232933,116466,193497,387000,99580,10750,10751.000000,18,8,4,2,2,8,0,8,4,232933,0.000000
133617,66808,182997,366000,81066,10166,10222.000000,18,8,4,2,2,8,0,8,4,162665,21.740000
129820,64907,104391,208800,63266,4015,4015.000000,26,6,8,2,2,8,0,4,8,129820,0.000000
116281,58140,104398,208800,91503,3070,3070.000000,34,6,9,2,2,8,0,4,10,116281,0.000000
219304,109650,170593,341200,107000,6561,6566.500000,26,6,8,2,2,8,0,4,8,219304,0.000000
211856,105926,163196,326400,59354,6276,6276.000000,26,6,8,2,2,8,0,4,8,211856,0.000000
234956,117477,193497,387000,186587,7442,7442.000000,26,8,6,2,2,8,0,4,8,247123,5.180000
219365,109682,182999,366000,142757,7038,7038.000000,26,7,7,2,2,8,0,4,8,219365,0.000000
240805,120400,205993,412000,104033,7923,7924.000000,26,5,7,2,2,8,0,4,8,240805,0.000000
379361,189677,291788,583600,299279,11223,11223.000000,26,5,8,2,2,8,0,4,8,379361,0.000000
232952,116475,199798,399600,139749,7684,7684.000000,26,6,7,2,2,8,0,4,8,232952,0.000000
235337,117667,254090,508200,123126,9773,9773.000000,26,8,6,2,2,8,0,4,8,263336,11.900000
147068,73533,147897,295800,58912,5688,5688.000000,26,5,6,2,2,8,0,4,8,147068,0.000000
89538,44767,116091,232200,63408,4465,4465.500000,26,6,8,2,2,8,0,4,8,89538,0.000000
246886,123442,194897,389800,89262,7496,7505.500000,26,6,8,2,2,8,0,4,8,246886,0.000000
295700,147849,289597,579200,216889,11138,11138.000000,26,7,8,2,2,8,0,4,8,295700,0.000000
359912,179954,286391,572800,278071,11015,11015.500000,26,5,7,2,2,8,0,4,8,359912,0.000000
68826,34411,104392,208800,41649,4745,4860.000000,22,10,4,2,2,4,1,10,4,94280,36.990000
336036,168017,285998,572000,177049,11000,11000.000000,26,7,6,2,2,8,0,4,8,336036,0.000000
330631,165313,254091,508200,260072,9773,9773.000000,26,6,8,2,2,8,0,4,8,330631,0.000000
120046,60022,111197,222400,46537,4276,4276.000000,26,5,8,2,2,8,0,4,8,120046,0.000000
260848,130422,282895,565800,119610,10880,10888.500000,26,8,6,2,2,7,0,6,6,296557,13.690000
116407,58201,104391,208800,56824,4015,4015.500000,26,6,6,2,2,7,0,6,6,122388,5.140000
193932,96964,170590,341200,77849,6561,6571.000000,26,6,6,2,2,7,0,6,6,193932,0.000000
171235,85617,163199,326400,122078,6276,6276.000000,26,7,6,2,2,7,0,6,6,183539,7.190000
182688,91342,170582,341200,95144,3877,3877.000000,44,7,9,2,2,8,0,6,9,182688,0.000000
206168,103082,193495,387000,99431,7442,7445.000000,26,7,6,2,2,7,0,6,6,206168,0.000000
213567,106783,182997,366000,174766,7038,7038.000000,26,7,6,2,2,7,0,6,6,213567,0.000000
192746,96371,205989,412000,126596,7923,7923.000000,26,7,6,2,2,7,0,6,6,213878,10.970000
179282,89639,163183,326400,84058,3709,3709.000000,44,7,8,2,2,8,0,6,9,179282,0.000000
231217,115605,193480,387000,154777,4397,4397.000000,44,9,9,2,2,8,0,6,9,242446,4.860000
313060,156529,282896,565800,135534,20210,27608.000000,14,4,5,1,1,4,0,4,5,313060,0.000000
91471,45735,104397,208800,29874,8702,15808.000000,12,5,4,1,1,7,0,5,4,91471,0.000000
210898,105449,170600,341200,122004,14216,14224.000000,12,5,4,1,1,7,0,5,4,210898,0.000000
155906,77952,163197,326400,111747,13632,14300.500000,12,5,4,1,1,7,0,5,4,155906,0.000000
205703,102851,282896,565800,124238,14145,14316.500000,20,7,5,2,2,8,0,6,5,205703,0.000000
113809,56904,104398,208800,51705,5220,5220.500000,20,7,5,2,2,8,0,6,5,113809,0.000000
251494,125746,193498,387000,133441,16126,16244.500000,12,5,4,1,1,7,0,5,4,251494,0.000000
230154,115076,182997,366000,98295,15264,17631.500000,12,6,4,1,1,7,0,5,4,230154,0.000000
121664,60832,170596,341200,69050,8530,8866.000000,20,6,5,2,2,8,0,6,5,121664,0.000000
122136,61068,163197,326400,89164,8160,8162.500000,20,7,5,2,2,8,0,6,5,122136,0.000000
330424,165210,282896,565800,196869,20209,20954.000000,14,4,5,1,1,6,0,4,5,330424,0.000000
220481,110240,205997,412000,175484,17245,19376.500000,12,6,3,1,1,7,0,5,4,220481,0.000000
128471,64233,187985,376000,93249,5081,5081.000000,37,8,7,2,2,7,0,7,7,155067,20.710000
180533,90262,182981,366000,70005,4159,4159.000000,44,8,9,2,2,8,0,6,9,186133,3.110000
351362,175680,282896,565800,121359,10880,10881.500000,26,7,7,2,2,7,0,4,8,351362,0.000000
304592,152295,282895,565800,242940,5658,5658.000000,50,7,10,2,2,8,0,6,10,321198,5.460000
123977,61986,104389,208800,49936,4015,4015.000000,26,7,7,2,2,7,0,4,8,123977,0.000000
190761,95380,150299,300600,82431,5780,5780.000000,26,5,7,2,2,8,0,4,8,190761,0.000000
116185,58092,133298,266600,65504,5126,5127.000000,26,5,8,2,2,8,0,4,8,116185,0.000000
156919,78457,205982,412000,42460,4681,4681.000000,44,7,9,3,3,8,0,6,9,156919,0.000000
272481,136239,236691,473400,204822,9103,9103.000000,26,6,7,2,2,8,0,4,8,272481,0.000000
118503,59250,100997,202000,43683,3884,3892.500000,26,6,7,2,2,8,0,4,8,118503,0.000000
305453,152724,243190,486400,142498,9353,9357.500000,26,5,7,2,2,8,0,4,8,305453,0.000000
152190,76093,119889,239800,80105,4611,4611.000000,26,7,7,2,2,8,0,4,8,152190,0.000000
300901,150448,282886,565800,115422,7645,7645.000000,37,8,8,2,2,8,0,5,9,300901,0.000000
128529,64262,110790,221600,66597,4261,4262.000000,26,6,7,2,2,8,0,4,8,128529,0.000000
226414,113204,191290,382600,157508,7357,7357.000000,26,6,8,2,2,8,0,4,8,226414,0.000000
331332,165665,283097,566200,188063,10888,10894.000000,26,5,8,1,1,8,0,4,8,331332,0.000000
126094,63043,104382,208800,75560,2485,2485.000000,42,7,10,2,2,7,0,5,10,131592,4.370000
132599,66299,104397,208800,97412,5800,5805.000000,18,6,5,2,2,8,0,4,6,132599,0.000000
166438,83217,147291,294600,105978,5665,5666.500000,26,6,6,1,1,8,0,4,8,166438,0.000000
138292,69145,187995,376000,101416,6482,6601.000000,29,9,5,2,2,8,999,9,5,160041,15.730000
214301,107149,187987,376000,166488,5081,5081.000000,37,8,7,3,3,6,999,7,7,236964,10.580000
196863,98430,282896,565800,118716,16641,17741.000000,17,7,5,2,2,4,999,5,5,267730,36.000000
357960,178978,282897,565800,151161,10880,10880.000000,26,5,7,2,2,4,999,4,8,404439,12.990000
195717,97857,163197,326400,95287,7418,7418.000000,22,7,7,1,1,6,0,4,7,206370,5.450000
241788,120889,218172,436400,88913,3519,3519.000000,62,10,8,3,3,3,999,10,8,290196,20.030000
211449,105724,291797,583600,133340,8582,8582.000000,34,6,10,2,2,7,0,4,10,240450,13.720000
215135,107566,182995,366000,37345,6100,6154.500000,30,6,9,2,2,7,0,4,9,215135,0.000000
199576,99787,218196,436400,129785,4196,4196.000000,52,10,7,3,3,3,999,10,7,254741,27.650000
202951,101474,187998,376000,133132,3686,3686.000000,51,7,9,3,3,6,999,7,9,233023,14.820000
180153,90074,170586,341200,86812,5017,5017.000000,34,6,9,2,2,8,0,4,10,180153,0.000000
126792,63393,104383,208800,80042,2821,2821.000000,37,8,8,2,2,8,0,5,9,126792,0.000000
134970,67484,170594,341200,106128,9477,9481.000000,18,7,4,2,2,8,0,4,6,134970,0.000000
105875,52936,104396,208800,75953,2088,2088.000000,50,8,10,2,2,8,0,6,10,105875,0.000000
232721,116359,193493,387000,139104,8795,8865.000000,22,5,6,2,2,7,0,5,6,232721,0.000000
186241,93119,182996,366000,97900,8318,8324.000000,22,6,6,2,2,7,0,5,6,186241,0.000000
165261,82629,205992,412000,104456,9363,9365.500000,22,6,6,2,2,7,0,5,6,177938,7.680000
257960,128978,291792,583600,142858,13263,13269.000000,22,7,6,2,2,7,0,5,6,257960,0.000000
188419,94208,199791,399600,77673,9081,9135.500000,22,7,5,2,2,7,0,5,6,208955,10.900000
260572,130285,254097,508200,133946,11550,11558.000000,22,5,6,2,2,7,0,5,6,260572,0.000000
175715,87856,147896,295800,125262,6722,6957.500000,22,5,6,2,2,7,0,5,6,175715,0.000000
139875,69935,116092,232200,98881,5277,5277.500000,22,7,6,2,2,7,0,5,6,139875,0.000000
178448,89222,194892,389800,132721,8859,8862.500000,22,5,6,2,2,7,0,5,6,178448,0.000000
317342,158670,289593,579200,196538,13163,13383.000000,22,7,6,2,2,7,0,5,6,317342,0.000000
277556,138777,286395,572800,144010,13018,13026.000000,22,6,6,1,1,7,0,5,6,319939,15.280000
272360,136179,285998,572000,176095,13000,13010.500000,22,6,6,2,2,7,0,5,6,272360,0.000000
316485,158242,254098,508200,256215,11550,11551.000000,22,7,6,2,2,7,0,5,6,316485,0.000000
84665,42332,111198,222400,53074,5054,5055.000000,22,7,6,2,2,7,0,5,6,84665,0.000000
109561,54779,150294,300600,54084,6831,6837.000000,22,5,6,2,2,7,0,5,6,109561,0.000000
167450,83723,133292,266600,125761,6059,6059.000000,22,6,6,2,2,7,0,5,6,167450,0.000000
199033,99514,236691,473400,135369,10759,10759.000000,22,7,6,2,2,7,0,5,6,199033,0.000000
110604,55301,100997,202000,86746,4590,4639.000000,22,7,6,2,2,7,0,5,6,125783,13.730000
260775,130386,243197,486400,140375,11054,11055.000000,22,6,6,2,2,7,0,5,6,260775,0.000000
107031,53515,119897,239800,64189,5450,5452.500000,22,6,6,2,2,7,0,5,6,107031,0.000000
85876,42937,110797,221600,59312,5036,5041.500000,22,6,6,2,2,7,0,5,6,85876,0.000000
94636,47317,104395,208800,69670,6141,6142.000000,17,6,5,2,2,3,999,5,5,132534,40.050000
156501,78249,191292,382600,81326,8695,8695.500000,22,6,5,2,2,7,0,5,6,156501,0.000000
228578,114287,193492,387000,168679,9675,9686.500000,20,6,5,2,2,8,0,6,5,228578,0.000000
170005,85002,182997,366000,79548,9150,9168.000000,20,7,5,2,2,8,0,6,5,170005,0.000000
241441,120720,205995,412000,140811,10300,10354.000000,20,7,5,2,2,8,0,6,5,241441,0.000000
351433,175716,291798,583600,187698,14590,14590.000000,20,7,5,2,2,8,0,6,5,351433,0.000000
199864,99932,199798,399600,118882,9990,10012.000000,20,6,5,2,2,8,0,6,5,199864,0.000000
203755,101876,254092,508200,147627,12705,12710.000000,20,6,5,2,2,8,0,6,5,203755,0.000000
145479,72738,147894,295800,114266,7395,7398.500000,20,7,5,2,2,8,0,6,5,145479,0.000000
124742,62370,116093,232200,71237,5805,5807.500000,20,7,5,2,2,8,0,6,5,124742,0.000000
212494,106245,194893,389800,115489,9745,9746.000000,20,7,5,2,2,8,0,6,5,212494,0.000000
319461,159730,289598,579200,204836,14480,14481.500000,20,7,5,1,1,8,0,6,5,319461,0.000000
237802,118899,286396,572800,149747,14320,14382.000000,20,6,5,2,2,8,0,6,5,237802,0.000000
341899,170948,285996,572000,179923,14300,14311.000000,20,6,5,2,2,8,0,6,5,341899,0.000000
212387,106192,254092,508200,89849,12705,12707.000000,20,6,5,2,2,8,0,6,5,212387,0.000000
133220,66609,111197,222400,102768,5560,5560.000000,20,8,5,2,2,8,0,6,5,133220,0.000000
128387,64193,150293,300600,102949,7515,8019.000000,20,8,4,2,2,8,0,6,5,128387,0.000000
144502,72249,133293,266600,96288,6665,6667.000000,20,7,5,2,2,8,0,6,5,144502,0.000000
287267,143631,236691,473400,237649,11835,11835.000000,20,8,5,2,2,8,0,6,5,287267,0.000000
122256,61128,100998,202000,70688,5050,5089.000000,20,7,5,2,2,8,0,6,5,122256,0.000000
289734,144865,243197,486400,200131,12160,12160.000000,20,7,5,2,2,8,0,6,5,289734,0.000000
148202,74100,119893,239800,120130,5995,5996.000000,20,8,5,2,2,8,0,6,5,156824,5.820000
104806,52401,110797,221600,76287,5540,5542.500000,20,6,5,1,1,8,0,6,5,104806,0.000000
203329,101663,191293,382600,88925,9565,9568.500000,20,8,5,2,2,8,0,6,5,203329,0.000000
221463,110730,283095,566200,164071,14155,14172.500000,20,6,5,2,2,8,0,6,5,221463,0.000000
173594,86796,147294,294600,140972,7365,7365.000000,20,7,5,2,2,8,0,6,5,173594,0.000000
228193,114096,186998,374000,181508,9350,9350.000000,20,6,5,2,2,8,0,6,5,228193,0.000000
195898,97947,187986,376000,145538,5529,5529.000000,34,8,6,2,2,6,999,8,6,224994,14.860000
123225,61610,104390,208800,97231,4539,4539.000000,23,7,5,2,2,7,0,7,5,123225,0.000000
200472,100235,170591,341200,161424,7417,7417.000000,23,7,5,2,2,7,0,7,5,211303,5.410000
198037,99016,163190,326400,98031,7095,7095.000000,23,7,5,2,2,7,0,7,5,212236,7.170000
235231,117613,193491,387000,199021,8413,8413.000000,23,7,5,2,2,7,0,7,5,244894,4.110000
130745,65372,182995,366000,86972,7956,7979.000000,23,8,5,2,2,7,0,7,5,155162,18.680000
217915,108957,205997,412000,138089,8956,8960.000000,23,7,5,2,2,7,0,7,5,236072,8.340000
354797,177397,291797,583600,234125,12686,12687.000000,23,7,5,2,2,7,0,7,5,376607,6.150000
236975,118486,199797,399600,186303,8686,8692.000000,23,7,5,2,2,7,0,7,5,255759,7.930000
229329,114663,254096,508200,174346,11047,11154.000000,23,8,5,2,2,7,0,7,5,260657,13.670000
329828,164913,283095,566200,190077,12868,12916.500000,22,7,5,2,2,7,0,5,6,329828,0.000000
229744,114871,218197,436400,137731,3306,3306.000000,66,8,10,3,3,4,999,8,10,273967,19.250000
247372,123685,218198,436400,204267,4196,4196.000000,52,10,7,4,4,9,999,10,7,266875,7.890000
255047,127522,218197,436400,179230,3762,3762.000000,58,8,10,3,3,6,999,7,10,280943,10.160000
69372,34685,104397,208800,51910,5800,5827.500000,18,8,4,2,2,7,0,8,4,89291,28.720000
213226,106609,282887,565800,110241,9755,9755.000000,29,9,4,3,3,4,999,9,5,279421,31.050000
254462,127230,218199,436400,94168,4642,4642.000000,47,9,7,3,3,7,999,9,7,275150,8.140000
215019,107508,170592,341200,159630,6561,6566.500000,26,5,8,2,2,7,0,4,8,215019,0.000000
169384,84690,147896,295800,66663,14959,23155.000000,10,5,4,1,1,7,0,4,4,169384,0.000000
246759,123378,218196,436400,138518,4364,4364.000000,50,10,8,3,3,7,999,8,8,274472,11.240000
219645,109819,282889,565800,103981,10477,10485.000000,27,7,7,2,2,6,0,5,7,261025,18.840000
181882,90939,187988,376000,125999,5875,5875.000000,32,7,6,2,2,4,1,6,7,230412,26.690000
150487,75243,218198,436400,64039,3356,3356.000000,65,9,9,3,3,4,999,9,9,208171,38.340000
121472,60735,104396,208800,71403,7460,10068.000000,14,6,5,1,1,4,0,4,5,142563,17.370000
111151,55573,104396,208800,70503,7457,7463.500000,14,6,4,1,1,3,999,6,4,130804,17.690000
